Workbook

Sheet Senin
A1: ="Pengiriman ( Senin ) Tgl. "&TEXT(DATE(2018,7,23),"dd mmmm yyyy") -> Pengiriman ( Senin ) Tgl. 23 July 2018
A3: STO Number | B3: Supplier | C3: Item | D3: Qty | E3: UoM | F3: Promise Date | H3: Ship To | J3: From | K3: Seq | L3: VehicleType | M3: Keterangan | N3: Brand
A4: 4701365886 | B4: HM Sampoerna PT | C4: FA045796.14 | D4: 729 | E4: Box | F4: 43304 | G4: ZD1L | H4: Depo Medan | I4: ZD4B | J4: DC Karawang Lot. 41 | K4: 1 | L4: Cont 40FT HC | N4: DSM12RC156L8
A5: 4701365887 | B5: HM Sampoerna PT | C5: FA044121.19 | D5: 1138 | E5: Box | F5: 43304 | G5: ZD1L | H5: Depo Medan | I5: ZD4B | J5: DC Karawang Lot. 41 | K5: 2 | L5: Cont 40FT HC | N5: MLD16RC204L8
A6: 4701365888 | B6: HM Sampoerna PT | C6: FA044121.19 | D6: 1138 | E6: Box | F6: 43304 | G6: ZD1L | H6: Depo Medan | I6: ZD4B | J6: DC Karawang Lot. 41 | K6: 3 | L6: Cont 40FT HC | N6: MLD16RC204L8
A7: 4701365889 | B7: HM Sampoerna PT | C7: FA044121.19 | D7: 1138 | E7: Box | F7: 43304 | G7: ZD1L | H7: Depo Medan | I7: ZD4B | J7: DC Karawang Lot. 41 | K7: 4 | L7: Cont 40FT HC | N7: MLD16RC204L8
A8: 4701365890 | B8: HM Sampoerna PT | C8: FA044121.19 | D8: 1138 | E8: Box | F8: 43304 | G8: ZD1L | H8: Depo Medan | I8: ZD4B | J8: DC Karawang Lot. 41 | K8: 5 | L8: Cont 40FT HC | N8: MLD16RC204L8
A9: 4701365891 | B9: HM Sampoerna PT | C9: FA035621.15 | D9: 95 | E9: Box | F9: 43304 | G9: ZD1K | H9: DPC Sibolga | I9: ZD4A | J9: DC Karawang Lot. 17 | K9: 6 | L9: Cont 20FT | N9: DSB12RA170L8
B10: HM Sampoerna PT | C10: FA064382.01 | D10: 140 | E10: Box | F10: 43304 | G10: ZD1K | H10: DPC Sibolga | I10: ZD4A | J10: DC Karawang Lot. 17 | K10: 6 | L10: Cont 20FT | N10: DSS12RA151L8
B11: HM Sampoerna PT | C11: FA010784.17 | D11: 4 | E11: Box | F11: 43304 | G11: ZD1K | H11: DPC Sibolga | I11: ZD4A | J11: DC Karawang Lot. 17 | K11: 6 | L11: Cont 20FT | N11: DSS16RA202L8
B12: HM Sampoerna PT | C12: FA071115.00 | D12: 80 | E12: Box | F12: 43304 | G12: ZD1K | H12: DPC Sibolga | I12: ZD4A | J12: DC Karawang Lot. 17 | K12: 6 | L12: Cont 20FT | N12: PNK12RC112L8
A13: 4701365892 | B13: HM Sampoerna PT | C13: FA071115.00 | D13: 61 | E13: Box | F13: 43304 | G13: ZD1K | H13: DPC Sibolga | I13: ZD4A | J13: DC Karawang Lot. 17 | K13: 7 | L13: Cont 20FT | N13: PNK12RC112L8
A14: 4701365893 | B14: Philip Morris Indonesia PT | C14: FA052576.13 | D14: 80 | E14: Box | F14: 43304 | G14: ZD1K | H14: DPC Sibolga | I14: ZD4A | J14: DC Karawang Lot. 17 | K14: 7 | L14: Cont 20FT | N14: MBR20RC233L8
B15: Philip Morris Indonesia PT | C15: FA068715.04 | D15: 10 | E15: Box | F15: 43304 | G15: ZD1K | H15: DPC Sibolga | I15: ZD4A | J15: DC Karawang Lot. 17 | K15: 7 | L15: Cont 20FT | N15: MBL20RB233L8
A16: 4701365894 | B16: HM Sampoerna PT | C16: FA044121.19 | D16: 270 | E16: Box | F16: 43304 | G16: ZD1K | H16: DPC Sibolga | I16: ZD4B | J16: DC Karawang Lot. 41 | K16: 7 | L16: Cont 20FT | N16: MLD16RC204L8
A17: 4701365895 | B17: HM Sampoerna PT | C17: FA045796.14 | D17: 4 | E17: Box | F17: 43304 | G17: ZD1K | H17: DPC Sibolga | I17: ZD4B | J17: DC Karawang Lot. 41 | K17: 8 | L17: Cont 20FT | N17: DSM12RC156L8
B18: HM Sampoerna PT | C18: FA045795.13 | D18: 110 | E18: Box | F18: 43304 | G18: ZD1K | H18: DPC Sibolga | I18: ZD4B | J18: DC Karawang Lot. 41 | K18: 8 | L18: Cont 20FT | N18: MLD12RB146L8
B19: HM Sampoerna PT | C19: FA044121.19 | D19: =190-7 -> 183 | E19: Box | F19: 43304 | G19: ZD1K | H19: DPC Sibolga | I19: ZD4B | J19: DC Karawang Lot. 41 | K19: 8 | L19: Cont 20FT | N19: MLD16RC204L8
B20: HM Sampoerna PT | C20: FA061184.02 | D20: =13+5 -> 18 | E20: Box | F20: 43304 | G20: ZD1K | H20: DPC Sibolga | I20: ZD4B | J20: DC Karawang Lot. 41 | K20: 8 | L20: Cont 20FT | N20: MFB20RA224L8
B21: HM Sampoerna PT | C21: FA045300.04 | D21: 148 | E21: Box | F21: 43304 | G21: ZD1K | H21: DPC Sibolga | I21: ZD4B | J21: DC Karawang Lot. 41 | K21: 8 | L21: Cont 20FT | N21: DMM16RA179L8
A22: 4701365896 | B22: HM Sampoerna PT | C22: FA048259.05 | D22: 60 | E22: Box | F22: 43304 | G22: ZD1K | H22: DPC Sibolga | I22: ZD4B | J22: DC Karawang Lot. 41 | K22: 9 | L22: Cont 20FT | N22: AVR20RB226L8
B23: HM Sampoerna PT | C23: FA044121.19 | D23: =416+7 -> 423 | E23: Box | F23: 43304 | G23: ZD1K | H23: DPC Sibolga | I23: ZD4B | J23: DC Karawang Lot. 41 | K23: 9 | L23: Cont 20FT | N23: MLD16RC204L8
B24: HM Sampoerna PT | C24: FA061184.02 | D24: =5-5 -> 0 | E24: Box | F24: 43304 | G24: ZD1K | H24: DPC Sibolga | I24: ZD4B | J24: DC Karawang Lot. 41 | K24: 9 | L24: Cont 20FT | N24: MFB20RA224L8
A25: 4701365897 | B25: HM Sampoerna PT | C25: FA048259.05 | D25: 17 | E25: Box | F25: 43304 | G25: ZD2A | H25: ADW Padang | I25: ZD4A | J25: DC Karawang Lot. 17 | K25: 10 | L25: Cont 40FT HC | N25: AVR20RB226L8
B26: HM Sampoerna PT | C26: FA048258.06 | D26: 12 | E26: Box | F26: 43304 | G26: ZD2A | H26: ADW Padang | I26: ZD4A | J26: DC Karawang Lot. 17 | K26: 10 | L26: Cont 40FT HC | N26: AVM20RB226L8
B27: HM Sampoerna PT | C27: FA035621.15 | D27: 100 | E27: Box | F27: 43304 | G27: ZD2A | H27: ADW Padang | I27: ZD4A | J27: DC Karawang Lot. 17 | K27: 10 | L27: Cont 40FT HC | N27: DSB12RA170L8
B28: HM Sampoerna PT | C28: FA064382.01 | D28: 100 | E28: Box | F28: 43304 | G28: ZD2A | H28: ADW Padang | I28: ZD4A | J28: DC Karawang Lot. 17 | K28: 10 | L28: Cont 40FT HC | N28: DSS12RA151L8
B29: HM Sampoerna PT | C29: FA010784.17 | D29: 12 | E29: Box | F29: 43304 | G29: ZD2A | H29: ADW Padang | I29: ZD4A | J29: DC Karawang Lot. 17 | K29: 10 | L29: Cont 40FT HC | N29: DSS16RA202L8
B30: HM Sampoerna PT | C30: FA071127.00 | D30: 50 | E30: Box | F30: 43304 | G30: ZD2A | H30: ADW Padang | I30: ZD4A | J30: DC Karawang Lot. 17 | K30: 10 | L30: Cont 40FT HC | N30: SAH12RC113L8
B31: HM Sampoerna PT | C31: FA070776.00 | D31: 320 | E31: Box | F31: 43304 | G31: ZD2A | H31: ADW Padang | I31: ZD4A | J31: DC Karawang Lot. 17 | K31: 10 | L31: Cont 40FT HC | N31: UBL12SA134L8
A32: 4701365898 | B32: Philip Morris Indonesia PT | C32: FA068715.04 | D32: 150 | E32: Box | F32: 43304 | G32: ZD2A | H32: ADW Padang | I32: ZD4A | J32: DC Karawang Lot. 17 | K32: 10 | L32: Cont 40FT HC | N32: MBL20RB233L8
B33: Philip Morris Indonesia PT | C33: FA069748.02 | D33: 13 | E33: Box | F33: 43304 | G33: ZD2A | H33: ADW Padang | I33: ZD4A | J33: DC Karawang Lot. 17 | K33: 10 | L33: Cont 40FT HC | N33: MMI20RC233L8
A34: 4701365899 | B34: HM Sampoerna PT | C34: FA035621.15 | D34: 30 | E34: Box | F34: 43304 | G34: ZD2E | H34: ADW Duri | I34: ZD4A | J34: DC Karawang Lot. 17 | K34: 11 | L34: CBU | N34: DSB12RA170L8
B35: HM Sampoerna PT | C35: FA010784.17 | D35: 20 | E35: Box | F35: 43304 | G35: ZD2E | H35: ADW Duri | I35: ZD4A | J35: DC Karawang Lot. 17 | K35: 11 | L35: CBU | N35: DSS16RA202L8
B36: HM Sampoerna PT | C36: FA071127.00 | D36: 23 | E36: Box | F36: 43304 | G36: ZD2E | H36: ADW Duri | I36: ZD4A | J36: DC Karawang Lot. 17 | K36: 11 | L36: CBU | N36: SAH12RC113L8
A37: 4701365900 | B37: Philip Morris Indonesia PT | C37: FA068715.04 | D37: 34 | E37: Box | F37: 43304 | G37: ZD2E | H37: ADW Duri | I37: ZD4A | J37: DC Karawang Lot. 17 | K37: 11 | L37: CBU | N37: MBL20RB233L8
B38: Philip Morris Indonesia PT | C38: FA069748.02 | D38: 4 | E38: Box | F38: 43304 | G38: ZD2E | H38: ADW Duri | I38: ZD4A | J38: DC Karawang Lot. 17 | K38: 11 | L38: CBU | N38: MMI20RC233L8
A39: 4701365901 | B39: HM Sampoerna PT | C39: FA048259.05 | D39: 18 | E39: Box | F39: 43304 | G39: ZD2E | H39: ADW Duri | I39: ZD4B | J39: DC Karawang Lot. 41 | K39: 11 | L39: CBU | N39: AVR20RB226L8
B40: HM Sampoerna PT | C40: FA045795.13 | D40: 72 | E40: Box | F40: 43304 | G40: ZD2E | H40: ADW Duri | I40: ZD4B | J40: DC Karawang Lot. 41 | K40: 11 | L40: CBU | N40: MLD12RB146L8
B41: HM Sampoerna PT | C41: FA044121.19 | D41: 300 | E41: Box | F41: 43304 | G41: ZD2E | H41: ADW Duri | I41: ZD4B | J41: DC Karawang Lot. 41 | K41: 11 | L41: CBU | N41: MLD16RC204L8
B42: HM Sampoerna PT | C42: FA067816.01 | D42: 60 | E42: Box | F42: 43304 | G42: ZD2E | H42: ADW Duri | I42: ZD4B | J42: DC Karawang Lot. 41 | K42: 11 | L42: CBU | N42: UBL12RA134L8
B43: HM Sampoerna PT | C43: FA045300.04 | D43: 120 | E43: Box | F43: 43304 | G43: ZD2E | H43: ADW Duri | I43: ZD4B | J43: DC Karawang Lot. 41 | K43: 11 | L43: CBU | N43: DMM16RA179L8
A44: 4701365902 | B44: HM Sampoerna PT | C44: FA035621.15 | D44: 20 | E44: Box | F44: 43304 | G44: ZD2F | H44: ADW Air Molek | I44: ZD4A | J44: DC Karawang Lot. 17 | K44: 12 | L44: CBU | N44: DSB12RA170L8
B45: HM Sampoerna PT | C45: FA010784.17 | D45: 10 | E45: Box | F45: 43304 | G45: ZD2F | H45: ADW Air Molek | I45: ZD4A | J45: DC Karawang Lot. 17 | K45: 12 | L45: CBU | N45: DSS16RA202L8
A46: 4701365903 | B46: Philip Morris Indonesia PT | C46: FA068715.04 | D46: 9 | E46: Box | F46: 43304 | G46: ZD2F | H46: ADW Air Molek | I46: ZD4A | J46: DC Karawang Lot. 17 | K46: 12 | L46: CBU | N46: MBL20RB233L8
B47: Philip Morris Indonesia PT | C47: FA069748.02 | D47: 1 | E47: Box | F47: 43304 | G47: ZD2F | H47: ADW Air Molek | I47: ZD4A | J47: DC Karawang Lot. 17 | K47: 12 | L47: CBU | N47: MMI20RC233L8
A48: 4701365904 | B48: HM Sampoerna PT | C48: FA048259.05 | D48: 7 | E48: Box | F48: 43304 | G48: ZD2F | H48: ADW Air Molek | I48: ZD4B | J48: DC Karawang Lot. 41 | K48: 12 | L48: CBU | N48: AVR20RB226L8
B49: HM Sampoerna PT | C49: FA045795.13 | D49: 90 | E49: Box | F49: 43304 | G49: ZD2F | H49: ADW Air Molek | I49: ZD4B | J49: DC Karawang Lot. 41 | K49: 12 | L49: CBU | N49: MLD12RB146L8
B50: HM Sampoerna PT | C50: FA044121.19 | D50: 420 | E50: Box | F50: 43304 | G50: ZD2F | H50: ADW Air Molek | I50: ZD4B | J50: DC Karawang Lot. 41 | K50: 12 | L50: CBU | N50: MLD16RC204L8
B51: HM Sampoerna PT | C51: FA067816.01 | D51: 40 | E51: Box | F51: 43304 | G51: ZD2F | H51: ADW Air Molek | I51: ZD4B | J51: DC Karawang Lot. 41 | K51: 12 | L51: CBU | N51: UBL12RA134L8
B52: HM Sampoerna PT | C52: FA045300.04 | D52: 120 | E52: Box | F52: 43304 | G52: ZD2F | H52: ADW Air Molek | I52: ZD4B | J52: DC Karawang Lot. 41 | K52: 12 | L52: CBU | N52: DMM16RA179L8
A53: 4701365905 | B53: HM Sampoerna PT | C53: FA048258.06 | D53: 10 | E53: Box | F53: 43304 | G53: ZD3D | H53: ADW Palembang | I53: ZD4A | J53: DC Karawang Lot. 17 | K53: 13 | L53: CBU | M53: *Gab Palembang + Palembang 2 | N53: AVM20RB226L8
B54: HM Sampoerna PT | C54: FA071115.00 | D54: 3 | E54: Box | F54: 43304 | G54: ZD3D | H54: ADW Palembang | I54: ZD4A | J54: DC Karawang Lot. 17 | K54: 13 | L54: CBU | M54: *Gab Palembang + Palembang 2 | N54: PNK12RC112L8
A55: 4701365906 | B55: Philip Morris Indonesia PT | C55: FA052576.13 | D55: 40 | E55: Box | F55: 43304 | G55: ZD3D | H55: ADW Palembang | I55: ZD4A | J55: DC Karawang Lot. 17 | K55: 13 | L55: CBU | M55: *Gab Palembang + Palembang 2 | N55: MBR20RC233L8
B56: Philip Morris Indonesia PT | C56: FA068715.04 | D56: 20 | E56: Box | F56: 43304 | G56: ZD3D | H56: ADW Palembang | I56: ZD4A | J56: DC Karawang Lot. 17 | K56: 13 | L56: CBU | M56: *Gab Palembang + Palembang 2 | N56: MBL20RB233L8
B57: Philip Morris Indonesia PT | C57: FA069748.02 | D57: 20 | E57: Box | F57: 43304 | G57: ZD3D | H57: ADW Palembang | I57: ZD4A | J57: DC Karawang Lot. 17 | K57: 13 | L57: CBU | M57: *Gab Palembang + Palembang 2 | N57: MMI20RC233L8
A58: 4701365907 | B58: HM Sampoerna PT | C58: FA045795.13 | D58: 48 | E58: Box | F58: 43304 | G58: ZD3D | H58: ADW Palembang | I58: ZD4B | J58: DC Karawang Lot. 41 | K58: 13 | L58: CBU | M58: *Gab Palembang + Palembang 2 | N58: MLD12RB146L8
B59: HM Sampoerna PT | C59: FA044121.19 | D59: 270 | E59: Box | F59: 43304 | G59: ZD3D | H59: ADW Palembang | I59: ZD4B | J59: DC Karawang Lot. 41 | K59: 13 | L59: CBU | M59: *Gab Palembang + Palembang 2 | N59: MLD16RC204L8
B60: HM Sampoerna PT | C60: FA067816.01 | D60: 60 | E60: Box | F60: 43304 | G60: ZD3D | H60: ADW Palembang | I60: ZD4B | J60: DC Karawang Lot. 41 | K60: 13 | L60: CBU | M60: *Gab Palembang + Palembang 2 | N60: UBL12RA134L8
A61: 4701365908 | B61: HM Sampoerna PT | C61: FA045796.14 | D61: 6 | E61: Box | F61: 43304 | G61: ZD3Q | H61: ADW Palembang 2 | I61: ZD4B | J61: DC Karawang Lot. 41 | K61: 13 | L61: CBU | M61: *Gab Palembang + Palembang 2 | N61: DSM12RC156L8
B62: HM Sampoerna PT | C62: FA044121.19 | D62: 120 | E62: Box | F62: 43304 | G62: ZD3Q | H62: ADW Palembang 2 | I62: ZD4B | J62: DC Karawang Lot. 41 | K62: 13 | L62: CBU | M62: *Gab Palembang + Palembang 2 | N62: MLD16RC204L8
B63: HM Sampoerna PT | C63: FA045300.04 | D63: 120 | E63: Box | F63: 43304 | G63: ZD3Q | H63: ADW Palembang 2 | I63: ZD4B | J63: DC Karawang Lot. 41 | K63: 13 | L63: CBU | M63: *Gab Palembang + Palembang 2 | N63: DMM16RA179L8
A64: 4701365909 | B64: HM Sampoerna PT | C64: FA010784.17 | D64: 20 | E64: Box | F64: 43304 | G64: ZD3G | H64: ADW Jambi | I64: ZD4A | J64: DC Karawang Lot. 17 | K64: 14 | L64: CBU | M64: *Gab Jambi + Muarabungo | N64: DSS16RA202L8
A65: 4701365910 | B65: Philip Morris Indonesia PT | C65: FA068715.04 | D65: 20 | E65: Box | F65: 43304 | G65: ZD3G | H65: ADW Jambi | I65: ZD4A | J65: DC Karawang Lot. 17 | K65: 14 | L65: CBU | M65: *Gab Jambi + Muarabungo | N65: MBL20RB233L8
A66: 4701365911 | B66: HM Sampoerna PT | C66: FA045795.13 | D66: 48 | E66: Box | F66: 43304 | G66: ZD3G | H66: ADW Jambi | I66: ZD4B | J66: DC Karawang Lot. 41 | K66: 14 | L66: CBU | M66: *Gab Jambi + Muarabungo | N66: MLD12RB146L8
B67: HM Sampoerna PT | C67: FA044121.19 | D67: 180 | E67: Box | F67: 43304 | G67: ZD3G | H67: ADW Jambi | I67: ZD4B | J67: DC Karawang Lot. 41 | K67: 14 | L67: CBU | M67: *Gab Jambi + Muarabungo | N67: MLD16RC204L8
B68: HM Sampoerna PT | C68: FA062333.03 | D68: 3 | E68: Box | F68: 43304 | G68: ZD3G | H68: ADW Jambi | I68: ZD4B | J68: DC Karawang Lot. 41 | K68: 14 | L68: CBU | M68: *Gab Jambi + Muarabungo | N68: MTB16RA200L8
B69: HM Sampoerna PT | C69: FA061184.02 | D69: 15 | E69: Box | F69: 43304 | G69: ZD3G | H69: ADW Jambi | I69: ZD4B | J69: DC Karawang Lot. 41 | K69: 14 | L69: CBU | M69: *Gab Jambi + Muarabungo | N69: MFB20RA224L8
B70: HM Sampoerna PT | C70: FA067816.01 | D70: 100 | E70: Box | F70: 43304 | G70: ZD3G | H70: ADW Jambi | I70: ZD4B | J70: DC Karawang Lot. 41 | K70: 14 | L70: CBU | M70: *Gab Jambi + Muarabungo | N70: UBL12RA134L8
A71: 4701365912 | B71: HM Sampoerna PT | C71: FA010784.17 | D71: 15 | E71: Box | F71: 43304 | G71: ZD3H | H71: ADW Muara Bungo | I71: ZD4A | J71: DC Karawang Lot. 17 | K71: 14 | L71: CBU | M71: *Gab Jambi + Muarabungo | N71: DSS16RA202L8
B72: HM Sampoerna PT | C72: FA071127.00 | D72: 30 | E72: Box | F72: 43304 | G72: ZD3H | H72: ADW Muara Bungo | I72: ZD4A | J72: DC Karawang Lot. 17 | K72: 14 | L72: CBU | M72: *Gab Jambi + Muarabungo | N72: SAH12RC113L8
A73: 4701365913 | B73: Philip Morris Indonesia PT | C73: FA069748.02 | D73: 2 | E73: Box | F73: 43304 | G73: ZD3H | H73: ADW Muara Bungo | I73: ZD4A | J73: DC Karawang Lot. 17 | K73: 14 | L73: CBU | M73: *Gab Jambi + Muarabungo | N73: MMI20RC233L8
A74: 4701365914 | B74: HM Sampoerna PT | C74: FA048259.05 | D74: 16 | E74: Box | F74: 43304 | G74: ZD3H | H74: ADW Muara Bungo | I74: ZD4B | J74: DC Karawang Lot. 41 | K74: 14 | L74: CBU | M74: *Gab Jambi + Muarabungo | N74: AVR20RB226L8
B75: HM Sampoerna PT | C75: FA048258.06 | D75: 1 | E75: Box | F75: 43304 | G75: ZD3H | H75: ADW Muara Bungo | I75: ZD4B | J75: DC Karawang Lot. 41 | K75: 14 | L75: CBU | M75: *Gab Jambi + Muarabungo | N75: AVM20RB226L8
B76: HM Sampoerna PT | C76: FA045795.13 | D76: 48 | E76: Box | F76: 43304 | G76: ZD3H | H76: ADW Muara Bungo | I76: ZD4B | J76: DC Karawang Lot. 41 | K76: 14 | L76: CBU | M76: *Gab Jambi + Muarabungo | N76: MLD12RB146L8
B77: HM Sampoerna PT | C77: FA044121.19 | D77: 120 | E77: Box | F77: 43304 | G77: ZD3H | H77: ADW Muara Bungo | I77: ZD4B | J77: DC Karawang Lot. 41 | K77: 14 | L77: CBU | M77: *Gab Jambi + Muarabungo | N77: MLD16RC204L8
B78: HM Sampoerna PT | C78: FA061184.02 | D78: 10 | E78: Box | F78: 43304 | G78: ZD3H | H78: ADW Muara Bungo | I78: ZD4B | J78: DC Karawang Lot. 41 | K78: 14 | L78: CBU | M78: *Gab Jambi + Muarabungo | N78: MFB20RA224L8
A79: 4701365915 | B79: HM Sampoerna PT | C79: FA071127.00 | D79: 120 | E79: Box | F79: 43304 | G79: ZD3B | H79: ADW Lampung | I79: ZD4A | J79: DC Karawang Lot. 17 | K79: 15 | L79: CBU | M79: *Gab Lampung + Metro | N79: SAH12RC113L8
A80: 4701365916 | B80: Philip Morris Indonesia PT | C80: FA052576.13 | D80: 10 | E80: Box | F80: 43304 | G80: ZD3B | H80: ADW Lampung | I80: ZD4A | J80: DC Karawang Lot. 17 | K80: 15 | L80: CBU | M80: *Gab Lampung + Metro | N80: MBR20RC233L8
A81: 4701365917 | B81: HM Sampoerna PT | C81: FA048259.05 | D81: 48 | E81: Box | F81: 43304 | G81: ZD3B | H81: ADW Lampung | I81: ZD4B | J81: DC Karawang Lot. 41 | K81: 15 | L81: CBU | M81: *Gab Lampung + Metro | N81: AVR20RB226L8
B82: HM Sampoerna PT | C82: FA045796.14 | D82: 6 | E82: Box | F82: 43304 | G82: ZD3B | H82: ADW Lampung | I82: ZD4B | J82: DC Karawang Lot. 41 | K82: 15 | L82: CBU | M82: *Gab Lampung + Metro | N82: DSM12RC156L8
B83: HM Sampoerna PT | C83: FA045795.13 | D83: 48 | E83: Box | F83: 43304 | G83: ZD3B | H83: ADW Lampung | I83: ZD4B | J83: DC Karawang Lot. 41 | K83: 15 | L83: CBU | M83: *Gab Lampung + Metro | N83: MLD12RB146L8
B84: HM Sampoerna PT | C84: FA044121.19 | D84: 230 | E84: Box | F84: 43304 | G84: ZD3B | H84: ADW Lampung | I84: ZD4B | J84: DC Karawang Lot. 41 | K84: 15 | L84: CBU | M84: *Gab Lampung + Metro | N84: MLD16RC204L8
B85: HM Sampoerna PT | C85: FA062333.03 | D85: 20 | E85: Box | F85: 43304 | G85: ZD3B | H85: ADW Lampung | I85: ZD4B | J85: DC Karawang Lot. 41 | K85: 15 | L85: CBU | M85: *Gab Lampung + Metro | N85: MTB16RA200L8
B86: HM Sampoerna PT | C86: FA067816.01 | D86: 16 | E86: Box | F86: 43304 | G86: ZD3B | H86: ADW Lampung | I86: ZD4B | J86: DC Karawang Lot. 41 | K86: 15 | L86: CBU | M86: *Gab Lampung + Metro | N86: UBL12RA134L8
A87: 4701365918 | B87: HM Sampoerna PT | C87: FA048258.06 | D87: 5 | E87: Box | F87: 43304 | G87: ZD3L | H87: ADW Metro | I87: ZD4A | J87: DC Karawang Lot. 17 | K87: 15 | L87: CBU | M87: *Gab Lampung + Metro | N87: AVM20RB226L8
B88: HM Sampoerna PT | C88: FA071127.00 | D88: 26 | E88: Box | F88: 43304 | G88: ZD3L | H88: ADW Metro | I88: ZD4A | J88: DC Karawang Lot. 17 | K88: 15 | L88: CBU | M88: *Gab Lampung + Metro | N88: SAH12RC113L8
A89: 4701365919 | B89: Philip Morris Indonesia PT | C89: FA068715.04 | D89: 20 | E89: Box | F89: 43304 | G89: ZD3L | H89: ADW Metro | I89: ZD4A | J89: DC Karawang Lot. 17 | K89: 15 | L89: CBU | M89: *Gab Lampung + Metro | N89: MBL20RB233L8
A90: 4701365920 | B90: HM Sampoerna PT | C90: FA045795.13 | D90: 24 | E90: Box | F90: 43304 | G90: ZD3L | H90: ADW Metro | I90: ZD4B | J90: DC Karawang Lot. 41 | K90: 15 | L90: CBU | M90: *Gab Lampung + Metro | N90: MLD12RB146L8
B91: HM Sampoerna PT | C91: FA044121.19 | D91: 30 | E91: Box | F91: 43304 | G91: ZD3L | H91: ADW Metro | I91: ZD4B | J91: DC Karawang Lot. 41 | K91: 15 | L91: CBU | M91: *Gab Lampung + Metro | N91: MLD16RC204L8
B92: HM Sampoerna PT | C92: FA067816.01 | D92: 17 | E92: Box | F92: 43304 | G92: ZD3L | H92: ADW Metro | I92: ZD4B | J92: DC Karawang Lot. 41 | K92: 15 | L92: CBU | M92: *Gab Lampung + Metro | N92: UBL12RA134L8
A93: 4701365921 | B93: HM Sampoerna PT | C93: FA048258.06 | D93: 4 | E93: Box | F93: 43304 | G93: ZD3I | H93: ADW Bengkulu | I93: ZD4A | J93: DC Karawang Lot. 17 | K93: 16 | L93: CBU | M93: *Gab Bengkulu + Lubuklinggau | N93: AVM20RB226L8
A94: 4701365922 | B94: HM Sampoerna PT | C94: FA048259.05 | D94: 20 | E94: Box | F94: 43304 | G94: ZD3I | H94: ADW Bengkulu | I94: ZD4B | J94: DC Karawang Lot. 41 | K94: 16 | L94: CBU | M94: *Gab Bengkulu + Lubuklinggau | N94: AVR20RB226L8
B95: HM Sampoerna PT | C95: FA045795.13 | D95: 48 | E95: Box | F95: 43304 | G95: ZD3I | H95: ADW Bengkulu | I95: ZD4B | J95: DC Karawang Lot. 41 | K95: 16 | L95: CBU | M95: *Gab Bengkulu + Lubuklinggau | N95: MLD12RB146L8
B96: HM Sampoerna PT | C96: FA044121.19 | D96: 240 | E96: Box | F96: 43304 | G96: ZD3I | H96: ADW Bengkulu | I96: ZD4B | J96: DC Karawang Lot. 41 | K96: 16 | L96: CBU | M96: *Gab Bengkulu + Lubuklinggau | N96: MLD16RC204L8
B97: HM Sampoerna PT | C97: FA061184.02 | D97: 10 | E97: Box | F97: 43304 | G97: ZD3I | H97: ADW Bengkulu | I97: ZD4B | J97: DC Karawang Lot. 41 | K97: 16 | L97: CBU | M97: *Gab Bengkulu + Lubuklinggau | N97: MFB20RA224L8
A98: 4701365923 | B98: HM Sampoerna PT | C98: FA045795.13 | D98: 48 | E98: Box | F98: 43304 | G98: ZD3K | H98: DPC Lubuk Linggau | I98: ZD4B | J98: DC Karawang Lot. 41 | K98: 16 | L98: CBU | M98: *Gab Bengkulu + Lubuklinggau | N98: MLD12RB146L8
B99: HM Sampoerna PT | C99: FA044121.19 | D99: 270 | E99: Box | F99: 43304 | G99: ZD3K | H99: DPC Lubuk Linggau | I99: ZD4B | J99: DC Karawang Lot. 41 | K99: 16 | L99: CBU | M99: *Gab Bengkulu + Lubuklinggau | N99: MLD16RC204L8
B100: HM Sampoerna PT | C100: FA061184.02 | D100: 10 | E100: Box | F100: 43304 | G100: ZD3K | H100: DPC Lubuk Linggau | I100: ZD4B | J100: DC Karawang Lot. 41 | K100: 16 | L100: CBU | M100: *Gab Bengkulu + Lubuklinggau | N100: MFB20RA224L8
B101: HM Sampoerna PT | C101: FA067816.01 | D101: 36 | E101: Box | F101: 43304 | G101: ZD3K | H101: DPC Lubuk Linggau | I101: ZD4B | J101: DC Karawang Lot. 41 | K101: 16 | L101: CBU | M101: *Gab Bengkulu + Lubuklinggau | N101: UBL12RA134L8
...

Sheet Selasa
A1: ="Pengiriman ( Selasa ) Tgl. "&TEXT(MID(Senin!A1,FIND(".",Senin!A1,1)+2,17)+1,"dd mmmm yyyy") -> Pengiriman ( Selasa ) Tgl. 24 July 2018
A3: STO Number | B3: Supplier | C3: Item | D3: Qty | E3: UoM | F3: Promise Date | H3: Ship To | J3: From | K3: Seq | L3: VehicleType | M3: Keterangan | N3: Brand
A4: 4701366876 | B4: HM Sampoerna PT | C4: FA044121.19 | D4: 1138 | E4: Box | F4: 43305 | G4: ZD1L | H4: Depo Medan | I4: ZD4B | J4: DC Karawang Lot. 41 | K4: 1 | L4: Cont 40FT HC | N4: MLD16RC204L8
A5: 4701366877 | B5: HM Sampoerna PT | C5: FA048259.05 | D5: 79 | E5: Box | F5: 43305 | G5: ZD1L | H5: Depo Medan | I5: ZD4B | J5: DC Karawang Lot. 41 | K5: 2 | L5: Cont 40FT HC | N5: AVR20RB226L8
B6: HM Sampoerna PT | C6: FA045796.14 | D6: 670 | E6: Box | F6: 43305 | G6: ZD1L | H6: Depo Medan | I6: ZD4B | J6: DC Karawang Lot. 41 | K6: 2 | L6: Cont 40FT HC | N6: DSM12RC156L8
A7: 4701366878 | B7: HM Sampoerna PT | C7: FA064382.01 | D7: 139 | E7: Box | F7: 43305 | G7: ZD1K | H7: DPC Sibolga | I7: ZD4A | J7: DC Karawang Lot. 17 | K7: 3 | L7: Cont 20FT | N7: DSS12RA151L8
B8: PT. Sampoerna Indonesia Sembilan | C8: FA068324.02 | D8: 23 | E8: Box | F8: 43305 | G8: ZD1K | H8: DPC Sibolga | I8: ZD4A | J8: DC Karawang Lot. 17 | K8: 3 | L8: Cont 20FT | N8: UML12RB134L8
B9: HM Sampoerna PT | C9: FA071115.00 | D9: 30 | E9: Box | F9: 43305 | G9: ZD1K | H9: DPC Sibolga | I9: ZD4A | J9: DC Karawang Lot. 17 | K9: 3 | L9: Cont 20FT | N9: PNK12RC112L8
B10: PT. Sampoerna Indonesia Sembilan | C10: FA067814.02 | D10: 50 | E10: Box | F10: 43305 | G10: ZD1K | H10: DPC Sibolga | I10: ZD4A | J10: DC Karawang Lot. 17 | K10: 3 | L10: Cont 20FT | N10: UML16RB179L8
A11: 4701366879 | B11: Philip Morris Indonesia PT | C11: FA052576.13 | D11: 85 | E11: Box | F11: 43305 | G11: ZD1K | H11: DPC Sibolga | I11: ZD4A | J11: DC Karawang Lot. 17 | K11: 3 | L11: Cont 20FT | N11: MBR20RC233L8
B12: Philip Morris Indonesia PT | C12: FA068715.04 | D12: 12 | E12: Box | F12: 43305 | G12: ZD1K | H12: DPC Sibolga | I12: ZD4A | J12: DC Karawang Lot. 17 | K12: 3 | L12: Cont 20FT | N12: MBL20RB233L8
A13: 4701366880 | B13: PT. Sampoerna Indonesia Sembilan | C13: FA067814.02 | D13: 190 | E13: Box | F13: 43305 | G13: ZD2A | H13: ADW Padang | I13: ZD4A | J13: DC Karawang Lot. 17 | K13: 4 | L13: Cont 40FT HC | N13: UML16RB179L8
A14: 4701366881 | B14: Philip Morris Indonesia PT | C14: FA052576.13 | D14: 150 | E14: Box | F14: 43305 | G14: ZD2A | H14: ADW Padang | I14: ZD4A | J14: DC Karawang Lot. 17 | K14: 4 | L14: Cont 40FT HC | N14: MBR20RC233L8
A15: 4701366882 | B15: HM Sampoerna PT | C15: FA048259.05 | D15: 41 | E15: Box | F15: 43305 | G15: ZD2A | H15: ADW Padang | I15: ZD4B | J15: DC Karawang Lot. 41 | K15: 4 | L15: Cont 40FT HC | N15: AVR20RB226L8
B16: HM Sampoerna PT | C16: FA044121.19 | D16: 440 | E16: Box | F16: 43305 | G16: ZD2A | H16: ADW Padang | I16: ZD4B | J16: DC Karawang Lot. 41 | K16: 4 | L16: Cont 40FT HC | N16: MLD16RC204L8
B17: HM Sampoerna PT | C17: FA067816.01 | D17: 162 | E17: Box | F17: 43305 | G17: ZD2A | H17: ADW Padang | I17: ZD4B | J17: DC Karawang Lot. 41 | K17: 4 | L17: Cont 40FT HC | N17: UBL12RA134L8
A18: 4701366883 | B18: HM Sampoerna PT | C18: FA044121.19 | D18: 898 | E18: Box | F18: 43305 | G18: ZD2A | H18: ADW Padang | I18: ZD4B | J18: DC Karawang Lot. 41 | K18: 5 | L18: Cont 40FT HC | N18: MLD16RC204L8
B19: HM Sampoerna PT | C19: FA045300.04 | D19: 240 | E19: Box | F19: 43305 | G19: ZD2A | H19: ADW Padang | I19: ZD4B | J19: DC Karawang Lot. 41 | K19: 5 | L19: Cont 40FT HC | N19: DMM16RA179L8
A20: 4701366884 | B20: HM Sampoerna PT | C20: FA045796.14 | D20: 83 | E20: Box | F20: 43305 | G20: ZD2A | H20: ADW Padang | I20: ZD4B | J20: DC Karawang Lot. 41 | K20: 6 | L20: Cont 40FT HC | N20: DSM12RC156L8
B21: HM Sampoerna PT | C21: FA045795.13 | D21: 240 | E21: Box | F21: 43305 | G21: ZD2A | H21: ADW Padang | I21: ZD4B | J21: DC Karawang Lot. 41 | K21: 6 | L21: Cont 40FT HC | N21: MLD12RB146L8
B22: HM Sampoerna PT | C22: FA044121.19 | D22: =600-8 -> 592 | E22: Box | F22: 43305 | G22: ZD2A | H22: ADW Padang | I22: ZD4B | J22: DC Karawang Lot. 41 | K22: 6 | L22: Cont 40FT HC | N22: MLD16RC204L8
B23: HM Sampoerna PT | C23: FA062333.03 | D23: 10 | E23: Box | F23: 43305 | G23: ZD2A | H23: ADW Padang | I23: ZD4B | J23: DC Karawang Lot. 41 | K23: 6 | L23: Cont 40FT HC | N23: MTB16RA200L8
B24: HM Sampoerna PT | C24: FA045300.04 | D24: 120 | E24: Box | F24: 43305 | G24: ZD2A | H24: ADW Padang | I24: ZD4B | J24: DC Karawang Lot. 41 | K24: 6 | L24: Cont 40FT HC | N24: DMM16RA179L8
A25: 4701366885 | B25: HM Sampoerna PT | C25: FA045795.13 | D25: 330 | E25: Box | F25: 43305 | G25: ZD2A | H25: ADW Padang | I25: ZD4B | J25: DC Karawang Lot. 41 | K25: 7 | L25: Cont 40FT HC | N25: MLD12RB146L8
B26: HM Sampoerna PT | C26: FA044121.19 | D26: 760 | E26: Box | F26: 43305 | G26: ZD2A | H26: ADW Padang | I26: ZD4B | J26: DC Karawang Lot. 41 | K26: 7 | L26: Cont 40FT HC | N26: MLD16RC204L8
A27: 4701366886 | B27: HM Sampoerna PT | C27: FA035621.15 | D27: 90 | E27: Box | F27: 43305 | G27: ZD2D | H27: ADW Pekanbaru | I27: ZD4A | J27: DC Karawang Lot. 17 | K27: 8 | L27: Cont 40FT HC | N27: DSB12RA170L8
B28: HM Sampoerna PT | C28: FA064382.01 | D28: 90 | E28: Box | F28: 43305 | G28: ZD2D | H28: ADW Pekanbaru | I28: ZD4A | J28: DC Karawang Lot. 17 | K28: 8 | L28: Cont 40FT HC | N28: DSS12RA151L8
B29: HM Sampoerna PT | C29: FA010784.17 | D29: 22 | E29: Box | F29: 43305 | G29: ZD2D | H29: ADW Pekanbaru | I29: ZD4A | J29: DC Karawang Lot. 17 | K29: 8 | L29: Cont 40FT HC | N29: DSS16RA202L8
B30: PT. Sampoerna Indonesia Sembilan | C30: FA068324.02 | D30: 100 | E30: Box | F30: 43305 | G30: ZD2D | H30: ADW Pekanbaru | I30: ZD4A | J30: DC Karawang Lot. 17 | K30: 8 | L30: Cont 40FT HC | N30: UML12RB134L8
B31: PT. Sampoerna Indonesia Sembilan | C31: FA067814.02 | D31: 200 | E31: Box | F31: 43305 | G31: ZD2D | H31: ADW Pekanbaru | I31: ZD4A | J31: DC Karawang Lot. 17 | K31: 8 | L31: Cont 40FT HC | N31: UML16RB179L8
B32: HM Sampoerna PT | C32: FA071127.00 | D32: 100 | E32: Box | F32: 43305 | G32: ZD2D | H32: ADW Pekanbaru | I32: ZD4A | J32: DC Karawang Lot. 17 | K32: 8 | L32: Cont 40FT HC | N32: SAH12RC113L8
A33: 4701366887 | B33: Philip Morris Indonesia PT | C33: FA052576.13 | D33: 150 | E33: Box | F33: 43305 | G33: ZD2D | H33: ADW Pekanbaru | I33: ZD4A | J33: DC Karawang Lot. 17 | K33: 8 | L33: Cont 40FT HC | N33: MBR20RC233L8
B34: Philip Morris Indonesia PT | C34: FA068715.04 | D34: 100 | E34: Box | F34: 43305 | G34: ZD2D | H34: ADW Pekanbaru | I34: ZD4A | J34: DC Karawang Lot. 17 | K34: 8 | L34: Cont 40FT HC | N34: MBL20RB233L8
B35: Philip Morris Indonesia PT | C35: FA069748.02 | D35: 50 | E35: Box | F35: 43305 | G35: ZD2D | H35: ADW Pekanbaru | I35: ZD4A | J35: DC Karawang Lot. 17 | K35: 8 | L35: Cont 40FT HC | N35: MMI20RC233L8
A36: 4701366888 | B36: HM Sampoerna PT | C36: FA048259.05 | D36: 25 | E36: Box | F36: 43305 | G36: ZD2D | H36: ADW Pekanbaru | I36: ZD4B | J36: DC Karawang Lot. 41 | K36: 9 | L36: Cont 40FT HC | N36: AVR20RB226L8
B37: HM Sampoerna PT | C37: FA044121.19 | D37: 660 | E37: Box | F37: 43305 | G37: ZD2D | H37: ADW Pekanbaru | I37: ZD4B | J37: DC Karawang Lot. 41 | K37: 9 | L37: Cont 40FT HC | N37: MLD16RC204L8
B38: HM Sampoerna PT | C38: FA067816.01 | D38: 82 | E38: Box | F38: 43305 | G38: ZD2D | H38: ADW Pekanbaru | I38: ZD4B | J38: DC Karawang Lot. 41 | K38: 9 | L38: Cont 40FT HC | N38: UBL12RA134L8
B39: HM Sampoerna PT | C39: FA045300.04 | D39: 240 | E39: Box | F39: 43305 | G39: ZD2D | H39: ADW Pekanbaru | I39: ZD4B | J39: DC Karawang Lot. 41 | K39: 9 | L39: Cont 40FT HC | N39: DMM16RA179L8
A40: 4701366889 | B40: HM Sampoerna PT | C40: FA044121.19 | D40: 775 | E40: Box | F40: 43305 | G40: ZD3D | H40: ADW Palembang | I40: ZD4B | J40: DC Karawang Lot. 41 | K40: 10 | L40: CBU | N40: MLD16RC204L8
A41: 4701366890 | B41: HM Sampoerna PT | C41: FA045796.14 | D41: 10 | E41: Box | F41: 43305 | G41: ZD3E | H41: ADW Lahat | I41: ZD4A | J41: DC Karawang Lot. 17 | K41: 11 | L41: CBU | M41: *Gab Lahat + Baturaja | N41: DSM12RC156L8
B42: HM Sampoerna PT | C42: FA010784.17 | D42: 5 | E42: Box | F42: 43305 | G42: ZD3E | H42: ADW Lahat | I42: ZD4A | J42: DC Karawang Lot. 17 | K42: 11 | L42: CBU | M42: *Gab Lahat + Baturaja | N42: DSS16RA202L8
B43: HM Sampoerna PT | C43: FA071115.00 | D43: 10 | E43: Box | F43: 43305 | G43: ZD3E | H43: ADW Lahat | I43: ZD4A | J43: DC Karawang Lot. 17 | K43: 11 | L43: CBU | M43: *Gab Lahat + Baturaja | N43: PNK12RC112L8
A44: 4701366891 | B44: Philip Morris Indonesia PT | C44: FA068715.04 | D44: 7 | E44: Box | F44: 43305 | G44: ZD3E | H44: ADW Lahat | I44: ZD4A | J44: DC Karawang Lot. 17 | K44: 11 | L44: CBU | M44: *Gab Lahat + Baturaja | N44: MBL20RB233L8
B45: Philip Morris Indonesia PT | C45: FA069748.02 | D45: 1 | E45: Box | F45: 43305 | G45: ZD3E | H45: ADW Lahat | I45: ZD4A | J45: DC Karawang Lot. 17 | K45: 11 | L45: CBU | M45: *Gab Lahat + Baturaja | N45: MMI20RC233L8
A46: 4701366892 | B46: HM Sampoerna PT | C46: FA045795.13 | D46: 12 | E46: Box | F46: 43305 | G46: ZD3E | H46: ADW Lahat | I46: ZD4B | J46: DC Karawang Lot. 41 | K46: 11 | L46: CBU | M46: *Gab Lahat + Baturaja | N46: MLD12RB146L8
B47: HM Sampoerna PT | C47: FA044121.19 | D47: 320 | E47: Box | F47: 43305 | G47: ZD3E | H47: ADW Lahat | I47: ZD4B | J47: DC Karawang Lot. 41 | K47: 11 | L47: CBU | M47: *Gab Lahat + Baturaja | N47: MLD16RC204L8
B48: HM Sampoerna PT | C48: FA045300.04 | D48: 60 | E48: Box | F48: 43305 | G48: ZD3E | H48: ADW Lahat | I48: ZD4B | J48: DC Karawang Lot. 41 | K48: 11 | L48: CBU | M48: *Gab Lahat + Baturaja | N48: DMM16RA179L8
A49: 4701366896 | B49: HM Sampoerna PT | C49: FA048258.06 | D49: 1 | E49: Box | F49: 43305 | G49: ZD3N | H49: DPC Kalianda | I49: ZD4A | J49: DC Karawang Lot. 17 | K49: 12 | L49: Standard | M49: *Gab Kalianda + Pringsewu | N49: AVM20RB226L8
B50: HM Sampoerna PT | C50: FA010784.17 | D50: 2 | E50: Box | F50: 43305 | G50: ZD3N | H50: DPC Kalianda | I50: ZD4A | J50: DC Karawang Lot. 17 | K50: 12 | L50: Standard | M50: *Gab Kalianda + Pringsewu | N50: DSS16RA202L8
B51: HM Sampoerna PT | C51: FA071127.00 | D51: 45 | E51: Box | F51: 43305 | G51: ZD3N | H51: DPC Kalianda | I51: ZD4A | J51: DC Karawang Lot. 17 | K51: 12 | L51: Standard | M51: *Gab Kalianda + Pringsewu | N51: SAH12RC113L8
A52: 4701366897 | B52: Philip Morris Indonesia PT | C52: FA068715.04 | D52: 4 | E52: Box | F52: 43305 | G52: ZD3N | H52: DPC Kalianda | I52: ZD4A | J52: DC Karawang Lot. 17 | K52: 12 | L52: Standard | M52: *Gab Kalianda + Pringsewu | N52: MBL20RB233L8
B53: Philip Morris Indonesia PT | C53: FA069748.02 | D53: 1 | E53: Box | F53: 43305 | G53: ZD3N | H53: DPC Kalianda | I53: ZD4A | J53: DC Karawang Lot. 17 | K53: 12 | L53: Standard | M53: *Gab Kalianda + Pringsewu | N53: MMI20RC233L8
A54: 4701366898 | B54: HM Sampoerna PT | C54: FA048259.05 | D54: 3 | E54: Box | F54: 43305 | G54: ZD3N | H54: DPC Kalianda | I54: ZD4B | J54: DC Karawang Lot. 41 | K54: 12 | L54: Standard | M54: *Gab Kalianda + Pringsewu | N54: AVR20RB226L8
B55: HM Sampoerna PT | C55: FA045796.14 | D55: 4 | E55: Box | F55: 43305 | G55: ZD3N | H55: DPC Kalianda | I55: ZD4B | J55: DC Karawang Lot. 41 | K55: 12 | L55: Standard | M55: *Gab Kalianda + Pringsewu | N55: DSM12RC156L8
B56: HM Sampoerna PT | C56: FA045795.13 | D56: 24 | E56: Box | F56: 43305 | G56: ZD3N | H56: DPC Kalianda | I56: ZD4B | J56: DC Karawang Lot. 41 | K56: 12 | L56: Standard | M56: *Gab Kalianda + Pringsewu | N56: MLD12RB146L8
B57: HM Sampoerna PT | C57: FA044121.19 | D57: 133 | E57: Box | F57: 43305 | G57: ZD3N | H57: DPC Kalianda | I57: ZD4B | J57: DC Karawang Lot. 41 | K57: 12 | L57: Standard | M57: *Gab Kalianda + Pringsewu | N57: MLD16RC204L8
B58: HM Sampoerna PT | C58: FA067816.01 | D58: 4 | E58: Box | F58: 43305 | G58: ZD3N | H58: DPC Kalianda | I58: ZD4B | J58: DC Karawang Lot. 41 | K58: 12 | L58: Standard | M58: *Gab Kalianda + Pringsewu | N58: UBL12RA134L8
B59: HM Sampoerna PT | C59: FA045300.04 | D59: 30 | E59: Box | F59: 43305 | G59: ZD3N | H59: DPC Kalianda | I59: ZD4B | J59: DC Karawang Lot. 41 | K59: 12 | L59: Standard | M59: *Gab Kalianda + Pringsewu | N59: DMM16RA179L8
A60: 4701366899 | B60: HM Sampoerna PT | C60: FA048258.06 | D60: 1 | E60: Box | F60: 43305 | G60: ZD3M | H60: DPC Pringsewu | I60: ZD4A | J60: DC Karawang Lot. 17 | K60: 12 | L60: Standard | M60: *Gab Kalianda + Pringsewu | N60: AVM20RB226L8
B61: HM Sampoerna PT | C61: FA010784.17 | D61: 3 | E61: Box | F61: 43305 | G61: ZD3M | H61: DPC Pringsewu | I61: ZD4A | J61: DC Karawang Lot. 17 | K61: 12 | L61: Standard | M61: *Gab Kalianda + Pringsewu | N61: DSS16RA202L8
B62: HM Sampoerna PT | C62: FA071127.00 | D62: 59 | E62: Box | F62: 43305 | G62: ZD3M | H62: DPC Pringsewu | I62: ZD4A | J62: DC Karawang Lot. 17 | K62: 12 | L62: Standard | M62: *Gab Kalianda + Pringsewu | N62: SAH12RC113L8
A63: 4701366900 | B63: Philip Morris Indonesia PT | C63: FA068715.04 | D63: 10 | E63: Box | F63: 43305 | G63: ZD3M | H63: DPC Pringsewu | I63: ZD4A | J63: DC Karawang Lot. 17 | K63: 12 | L63: Standard | M63: *Gab Kalianda + Pringsewu | N63: MBL20RB233L8
A64: 4701366901 | B64: HM Sampoerna PT | C64: FA048259.05 | D64: 6 | E64: Box | F64: 43305 | G64: ZD3M | H64: DPC Pringsewu | I64: ZD4B | J64: DC Karawang Lot. 41 | K64: 12 | L64: Standard | M64: *Gab Kalianda + Pringsewu | N64: AVR20RB226L8
B65: HM Sampoerna PT | C65: FA045796.14 | D65: 5 | E65: Box | F65: 43305 | G65: ZD3M | H65: DPC Pringsewu | I65: ZD4B | J65: DC Karawang Lot. 41 | K65: 12 | L65: Standard | M65: *Gab Kalianda + Pringsewu | N65: DSM12RC156L8
B66: HM Sampoerna PT | C66: FA045795.13 | D66: 24 | E66: Box | F66: 43305 | G66: ZD3M | H66: DPC Pringsewu | I66: ZD4B | J66: DC Karawang Lot. 41 | K66: 12 | L66: Standard | M66: *Gab Kalianda + Pringsewu | N66: MLD12RB146L8
B67: HM Sampoerna PT | C67: FA044121.19 | D67: 30 | E67: Box | F67: 43305 | G67: ZD3M | H67: DPC Pringsewu | I67: ZD4B | J67: DC Karawang Lot. 41 | K67: 12 | L67: Standard | M67: *Gab Kalianda + Pringsewu | N67: MLD16RC204L8
B68: HM Sampoerna PT | C68: FA061184.02 | D68: 14 | E68: Box | F68: 43305 | G68: ZD3M | H68: DPC Pringsewu | I68: ZD4B | J68: DC Karawang Lot. 41 | K68: 12 | L68: Standard | M68: *Gab Kalianda + Pringsewu | N68: MFB20RA224L8
B69: HM Sampoerna PT | C69: FA069010.02 | D69: 2 | E69: Box | F69: 43305 | G69: ZD3M | H69: DPC Pringsewu | I69: ZD4B | J69: DC Karawang Lot. 41 | K69: 12 | L69: Standard | M69: *Gab Kalianda + Pringsewu | N69: MFB12RA134L8
A70: 4701366905 | B70: HM Sampoerna PT | C70: FA071127.00 | D70: 22 | E70: Box | F70: 43305 | G70: ZD3O | H70: DPC Tuba | I70: ZD4A | J70: DC Karawang Lot. 17 | K70: 13 | L70: Standard | M70: *Gab Kotabumi + Pringsewu | N70: SAH12RC113L8
A71: 4701366906 | B71: Philip Morris Indonesia PT | C71: FA069748.02 | D71: 2 | E71: Box | F71: 43305 | G71: ZD3O | H71: DPC Tuba | I71: ZD4A | J71: DC Karawang Lot. 17 | K71: 13 | L71: Standard | M71: *Gab Kotabumi + Pringsewu | N71: MMI20RC233L8
A72: 4701366907 | B72: HM Sampoerna PT | C72: FA048259.05 | D72: 4 | E72: Box | F72: 43305 | G72: ZD3O | H72: DPC Tuba | I72: ZD4B | J72: DC Karawang Lot. 41 | K72: 13 | L72: Standard | M72: *Gab Kotabumi + Pringsewu | N72: AVR20RB226L8
B73: HM Sampoerna PT | C73: FA045796.14 | D73: 1 | E73: Box | F73: 43305 | G73: ZD3O | H73: DPC Tuba | I73: ZD4B | J73: DC Karawang Lot. 41 | K73: 13 | L73: Standard | M73: *Gab Kotabumi + Pringsewu | N73: DSM12RC156L8
B74: HM Sampoerna PT | C74: FA045795.13 | D74: 17 | E74: Box | F74: 43305 | G74: ZD3O | H74: DPC Tuba | I74: ZD4B | J74: DC Karawang Lot. 41 | K74: 13 | L74: Standard | M74: *Gab Kotabumi + Pringsewu | N74: MLD12RB146L8
B75: HM Sampoerna PT | C75: FA044121.19 | D75: 200 | E75: Box | F75: 43305 | G75: ZD3O | H75: DPC Tuba | I75: ZD4B | J75: DC Karawang Lot. 41 | K75: 13 | L75: Standard | M75: *Gab Kotabumi + Pringsewu | N75: MLD16RC204L8
B76: HM Sampoerna PT | C76: FA067816.01 | D76: 2 | E76: Box | F76: 43305 | G76: ZD3O | H76: DPC Tuba | I76: ZD4B | J76: DC Karawang Lot. 41 | K76: 13 | L76: Standard | M76: *Gab Kotabumi + Pringsewu | N76: UBL12RA134L8
A77: 4701366908 | B77: HM Sampoerna PT | C77: FA044121.16 | D77: 775 | E77: Box | F77: 43305 | G77: ZD4C | H77: ADW Jakarta Utara | I77: ZD4B | J77: DC Karawang Lot. 41 | K77: 14 | L77: CBU | N77: MLD16RA195L8
A78: 4701366909 | B78: HM Sampoerna PT | C78: FA044121.16 | D78: 540 | E78: Box | F78: 43305 | G78: ZD4F | H78: DPC Jakarta Timur | I78: ZD4B | J78: DC Karawang Lot. 41 | K78: 15 | L78: Standard | N78: MLD16RA195L8
A79: 4701366910 | B79: HM Sampoerna PT | C79: FA064382.01 | D79: 90 | E79: Box | F79: 43305 | G79: ZD4I | H79: ADW Karawang | I79: ZD4A | J79: DC Karawang Lot. 17 | K79: 16 | L79: Standard | N79: DSS12RA151L8
B80: PT. Sampoerna Indonesia Sembilan | C80: FA067815.03 | D80: 5 | E80: Box | F80: 43305 | G80: ZD4I | H80: ADW Karawang | I80: ZD4A | J80: DC Karawang Lot. 17 | K80: 16 | L80: Standard | N80: UMC16RB179L8
B81: HM Sampoerna PT | C81: FA071127.00 | D81: 86 | E81: Box | F81: 43305 | G81: ZD4I | H81: ADW Karawang | I81: ZD4A | J81: DC Karawang Lot. 17 | K81: 16 | L81: Standard | N81: SAH12RC113L8
A82: 4701366911 | B82: HM Sampoerna PT | C82: FA044121.16 | D82: 167 | E82: Box | F82: 43305 | G82: ZD4I | H82: ADW Karawang | I82: ZD4B | J82: DC Karawang Lot. 41 | K82: 16 | L82: Standard | N82: MLD16RA195L8
A83: 4701366912 | B83: HM Sampoerna PT | C83: FA048259.05 | D83: 15 | E83: Box | F83: 43305 | G83: ZD4O | H83: ADW Bekasi | I83: ZD4B | J83: DC Karawang Lot. 41 | K83: 17 | L83: Standard | N83: AVR20RB226L8
B84: HM Sampoerna PT | C84: FA045795.13 | D84: 12 | E84: Box | F84: 43305 | G84: ZD4O | H84: ADW Bekasi | I84: ZD4B | J84: DC Karawang Lot. 41 | K84: 17 | L84: Standard | N84: MLD12RB146L8
B85: HM Sampoerna PT | C85: FA062333.03 | D85: 32 | E85: Box | F85: 43305 | G85: ZD4O | H85: ADW Bekasi | I85: ZD4B | J85: DC Karawang Lot. 41 | K85: 17 | L85: Standard | N85: MTB16RA200L8
B86: HM Sampoerna PT | C86: FA061184.02 | D86: 7 | E86: Box | F86: 43305 | G86: ZD4O | H86: ADW Bekasi | I86: ZD4B | J86: DC Karawang Lot. 41 | K86: 17 | L86: Standard | N86: MFB20RA224L8
B87: HM Sampoerna PT | C87: FA067816.01 | D87: 16 | E87: Box | F87: 43305 | G87: ZD4O | H87: ADW Bekasi | I87: ZD4B | J87: DC Karawang Lot. 41 | K87: 17 | L87: Standard | N87: UBL12RA134L8
B88: HM Sampoerna PT | C88: FA045795.11 | D88: 45 | E88: Box | F88: 43305 | G88: ZD4O | H88: ADW Bekasi | I88: ZD4B | J88: DC Karawang Lot. 41 | K88: 17 | L88: Standard | N88: MLD12RA139L8
B89: HM Sampoerna PT | C89: FA044121.16 | D89: 359 | E89: Box | F89: 43305 | G89: ZD4O | H89: ADW Bekasi | I89: ZD4B | J89: DC Karawang Lot. 41 | K89: 17 | L89: Standard | N89: MLD16RA195L8
A90: 4701366913 | B90: HM Sampoerna PT | C90: FA067816.01 | D90: 4 | E90: Box | F90: 43305 | G90: ZD4Q | H90: DPC Tangerang A | I90: ZD4B | J90: DC Karawang Lot. 41 | K90: 18 | L90: Light | N90: UBL12RA134L8
B91: HM Sampoerna PT | C91: FA045300.04 | D91: 65 | E91: Box | F91: 43305 | G91: ZD4Q | H91: DPC Tangerang A | I91: ZD4B | J91: DC Karawang Lot. 41 | K91: 18 | L91: Light | N91: DMM16RA179L8
B92: HM Sampoerna PT | C92: FA044121.16 | D92: 156 | E92: Box | F92: 43305 | G92: ZD4Q | H92: DPC Tangerang A | I92: ZD4B | J92: DC Karawang Lot. 41 | K92: 18 | L92: Light | N92: MLD16RA195L8
A93: 4701366914 | B93: HM Sampoerna PT | C93: FA045796.14 | D93: 55 | E93: Box | F93: 43305 | G93: ZD4A | H93: DC Karawang Lot. 17 | I93: ZD4B | J93: DC Karawang Lot. 41 | K93: 19 | L93: Standard | N93: DSM12RC156L8
B94: HM Sampoerna PT | C94: FA062333.03 | D94: 53 | E94: Box | F94: 43305 | G94: ZD4A | H94: DC Karawang Lot. 17 | I94: ZD4B | J94: DC Karawang Lot. 41 | K94: 19 | L94: Standard | N94: MTB16RA200L8
B95: HM Sampoerna PT | C95: FA061184.02 | D95: 4 | E95: Box | F95: 43305 | G95: ZD4A | H95: DC Karawang Lot. 17 | I95: ZD4B | J95: DC Karawang Lot. 41 | K95: 19 | L95: Standard | N95: MFB20RA224L8
B96: HM Sampoerna PT | C96: FA044121.16 | D96: 390 | E96: Box | F96: 43305 | G96: ZD4A | H96: DC Karawang Lot. 17 | I96: ZD4B | J96: DC Karawang Lot. 41 | K96: 19 | L96: Standard | N96: MLD16RA195L8
A97: 4701366915 | B97: HM Sampoerna PT | C97: FA044121.16 | D97: 540 | E97: Box | F97: 43305 | G97: ZD4A | H97: DC Karawang Lot. 17 | I97: ZD4B | J97: DC Karawang Lot. 41 | K97: 20 | L97: Standard | M97: Prioritas | N97: MLD16RA195L8
A98: 4701366916 | B98: HM Sampoerna PT | C98: FA010784.17 | D98: 23 | E98: Box | F98: 43305 | G98: ZD5A | H98: ADW Bandung | I98: ZD4A | J98: DC Karawang Lot. 17 | K98: 21 | L98: Standard | N98: DSS16RA202L8
B99: PT. Sampoerna Indonesia Sembilan | C99: FA067815.03 | D99: 7 | E99: Box | F99: 43305 | G99: ZD5A | H99: ADW Bandung | I99: ZD4A | J99: DC Karawang Lot. 17 | K99: 21 | L99: Standard | N99: UMC16RB179L8
A100: 4701366917 | B100: HM Sampoerna PT | C100: FA048259.05 | D100: 30 | E100: Box | F100: 43305 | G100: ZD5A | H100: ADW Bandung | I100: ZD4B | J100: DC Karawang Lot. 41 | K100: 21 | L100: Standard | N100: AVR20RB226L8
B101: HM Sampoerna PT | C101: FA045796.14 | D101: 260 | E101: Box | F101: 43305 | G101: ZD5A | H101: ADW Bandung | I101: ZD4B | J101: DC Karawang Lot. 41 | K101: 21 | L101: Standard | N101: DSM12RC156L8
...

Sheet Rabu
A1: ="Pengiriman ( Rabu ) Tgl. "&TEXT(MID(Selasa!A1,FIND(".",Selasa!A1,1)+2,17)+1,"dd mmmm yyyy") -> Pengiriman ( Rabu ) Tgl. 25 July 2018
A3: STO Number | B3: Supplier | C3: Item | D3: Qty | E3: UoM | F3: Promise Date | H3: Ship To | J3: From | K3: Seq | L3: VehicleType | M3: Keterangan | N3: Brand
A4: 4701367438 | B4: HM Sampoerna PT | C4: FA035621.15 | D4: 400 | E4: Box | F4: 43306 | G4: ZD1L | H4: Depo Medan | I4: ZD4A | J4: DC Karawang Lot. 17 | K4: 1 | L4: Cont 40FT HC | N4: DSB12RA170L8
A5: 4701367439 | B5: Philip Morris Indonesia PT | C5: FA052576.13 | D5: 150 | E5: Box | F5: 43306 | G5: ZD1L | H5: Depo Medan | I5: ZD4A | J5: DC Karawang Lot. 17 | K5: 1 | L5: Cont 40FT HC | N5: MBR20RC233L8
A6: 4701367440 | B6: HM Sampoerna PT | C6: FA044121.19 | D6: 570 | E6: Box | F6: 43306 | G6: ZD1L | H6: Depo Medan | I6: ZD4B | J6: DC Karawang Lot. 41 | K6: 1 | L6: Cont 40FT HC | N6: MLD16RC204L8
A7: 4701367441 | B7: HM Sampoerna PT | C7: FA044121.19 | D7: 1138 | E7: Box | F7: 43306 | G7: ZD1L | H7: Depo Medan | I7: ZD4B | J7: DC Karawang Lot. 41 | K7: 2 | L7: Cont 40FT HC | N7: MLD16RC204L8
A8: 4701367442 | B8: HM Sampoerna PT | C8: FA045796.14 | D8: 729 | E8: Box | F8: 43306 | G8: ZD1L | H8: Depo Medan | I8: ZD4B | J8: DC Karawang Lot. 41 | K8: 3 | L8: Cont 40FT HC | N8: DSM12RC156L8
A9: 4701367443 | B9: HM Sampoerna PT | C9: FA044121.19 | D9: 1138 | E9: Box | F9: 43306 | G9: ZD1L | H9: Depo Medan | I9: ZD4B | J9: DC Karawang Lot. 41 | K9: 4 | L9: Cont 40FT HC | N9: MLD16RC204L8
A10: 4701367444 | B10: HM Sampoerna PT | C10: FA035621.15 | D10: 270 | E10: Box | F10: 43306 | G10: ZD1L | H10: Depo Medan | I10: ZD4A | J10: DC Karawang Lot. 17 | K10: 5 | L10: Cont 40FT HC | N10: DSB12RA170L8
B11: HM Sampoerna PT | C11: FA071115.00 | D11: 500 | E11: Box | F11: 43306 | G11: ZD1L | H11: Depo Medan | I11: ZD4A | J11: DC Karawang Lot. 17 | K11: 5 | L11: Cont 40FT HC | N11: PNK12RC112L8
A12: 4701367445 | B12: HM Sampoerna PT | C12: FA035621.15 | D12: 70 | E12: Box | F12: 43306 | G12: ZD2A | H12: ADW Padang | I12: ZD4A | J12: DC Karawang Lot. 17 | K12: 6 | L12: Cont 40FT HC | N12: DSB12RA170L8
B13: HM Sampoerna PT | C13: FA064382.01 | D13: 210 | E13: Box | F13: 43306 | G13: ZD2A | H13: ADW Padang | I13: ZD4A | J13: DC Karawang Lot. 17 | K13: 6 | L13: Cont 40FT HC | N13: DSS12RA151L8
B14: HM Sampoerna PT | C14: FA044121.19 | D14: 120 | E14: Box | F14: 43306 | G14: ZD2A | H14: ADW Padang | I14: ZD4A | J14: DC Karawang Lot. 17 | K14: 6 | L14: Cont 40FT HC | N14: MLD16RC204L8
B15: PT. Sampoerna Indonesia Sembilan | C15: FA068324.02 | D15: 117 | E15: Box | F15: 43306 | G15: ZD2A | H15: ADW Padang | I15: ZD4A | J15: DC Karawang Lot. 17 | K15: 6 | L15: Cont 40FT HC | N15: UML12RB134L8
B16: PT. Sampoerna Indonesia Sembilan | C16: FA067814.02 | D16: 210 | E16: Box | F16: 43306 | G16: ZD2A | H16: ADW Padang | I16: ZD4A | J16: DC Karawang Lot. 17 | K16: 6 | L16: Cont 40FT HC | N16: UML16RB179L8
A17: 4701367446 | B17: Philip Morris Indonesia PT | C17: FA052576.13 | D17: 80 | E17: Box | F17: 43306 | G17: ZD2A | H17: ADW Padang | I17: ZD4A | J17: DC Karawang Lot. 17 | K17: 6 | L17: Cont 40FT HC | N17: MBR20RC233L8
B18: Philip Morris Indonesia PT | C18: FA068715.04 | D18: 137 | E18: Box | F18: 43306 | G18: ZD2A | H18: ADW Padang | I18: ZD4A | J18: DC Karawang Lot. 17 | K18: 6 | L18: Cont 40FT HC | N18: MBL20RB233L8
A19: 4701367447 | B19: HM Sampoerna PT | C19: FA045795.13 | D19: 270 | E19: Box | F19: 43306 | G19: ZD2A | H19: ADW Padang | I19: ZD4B | J19: DC Karawang Lot. 41 | K19: 7 | L19: Cont 40FT HC | N19: MLD12RB146L8
B20: HM Sampoerna PT | C20: FA044121.19 | D20: 819 | E20: Box | F20: 43306 | G20: ZD2A | H20: ADW Padang | I20: ZD4B | J20: DC Karawang Lot. 41 | K20: 7 | L20: Cont 40FT HC | N20: MLD16RC204L8
A21: 4701367448 | B21: HM Sampoerna PT | C21: FA035621.15 | D21: 100 | E21: Box | F21: 43306 | G21: ZD2A | H21: ADW Padang | I21: ZD4A | J21: DC Karawang Lot. 17 | K21: 8 | L21: CBU | N21: DSB12RA170L8
B22: PT. Sampoerna Indonesia Sembilan | C22: FA068324.02 | D22: 83 | E22: Box | F22: 43306 | G22: ZD2A | H22: ADW Padang | I22: ZD4A | J22: DC Karawang Lot. 17 | K22: 8 | L22: CBU | N22: UML12RB134L8
B23: HM Sampoerna PT | C23: FA070776.00 | D23: 232 | E23: Box | F23: 43306 | G23: ZD2A | H23: ADW Padang | I23: ZD4A | J23: DC Karawang Lot. 17 | K23: 8 | L23: CBU | N23: UBL12SA134L8
A24: 4701367449 | B24: HM Sampoerna PT | C24: FA062333.03 | D24: 1 | E24: Box | F24: 43306 | G24: ZD2A | H24: ADW Padang | I24: ZD4B | J24: DC Karawang Lot. 41 | K24: 8 | L24: CBU | N24: MTB16RA200L8
B25: HM Sampoerna PT | C25: FA061184.02 | D25: 185 | E25: Box | F25: 43306 | G25: ZD2A | H25: ADW Padang | I25: ZD4B | J25: DC Karawang Lot. 41 | K25: 8 | L25: CBU | N25: MFB20RA224L8
A26: 4701367450 | B26: HM Sampoerna PT | C26: FA048259.05 | D26: 30 | E26: Box | F26: 43306 | G26: ZD2D | H26: ADW Pekanbaru | I26: ZD4B | J26: DC Karawang Lot. 41 | K26: 9 | L26: CBU | N26: AVR20RB226L8
B27: HM Sampoerna PT | C27: FA045796.14 | D27: 76 | E27: Box | F27: 43306 | G27: ZD2D | H27: ADW Pekanbaru | I27: ZD4B | J27: DC Karawang Lot. 41 | K27: 9 | L27: CBU | N27: DSM12RC156L8
B28: HM Sampoerna PT | C28: FA045795.13 | D28: 120 | E28: Box | F28: 43306 | G28: ZD2D | H28: ADW Pekanbaru | I28: ZD4B | J28: DC Karawang Lot. 41 | K28: 9 | L28: CBU | N28: MLD12RB146L8
B29: HM Sampoerna PT | C29: FA044121.19 | D29: 190 | E29: Box | F29: 43306 | G29: ZD2D | H29: ADW Pekanbaru | I29: ZD4B | J29: DC Karawang Lot. 41 | K29: 9 | L29: CBU | N29: MLD16RC204L8
B30: HM Sampoerna PT | C30: FA061184.02 | D30: 177 | E30: Box | F30: 43306 | G30: ZD2D | H30: ADW Pekanbaru | I30: ZD4B | J30: DC Karawang Lot. 41 | K30: 9 | L30: CBU | N30: MFB20RA224L8
B31: HM Sampoerna PT | C31: FA067816.01 | D31: 60 | E31: Box | F31: 43306 | G31: ZD2D | H31: ADW Pekanbaru | I31: ZD4B | J31: DC Karawang Lot. 41 | K31: 9 | L31: CBU | N31: UBL12RA134L8
A32: 4701367451 | B32: HM Sampoerna PT | C32: FA071127.00 | D32: 50 | E32: Box | F32: 43306 | G32: ZD2F | H32: ADW Air Molek | I32: ZD4A | J32: DC Karawang Lot. 17 | K32: 10 | L32: CBU | M32: *Gab Duri + Molek | N32: SAH12RC113L8
A33: 4701367452 | B33: HM Sampoerna PT | C33: FA048259.05 | D33: 18 | E33: Box | F33: 43306 | G33: ZD2F | H33: ADW Air Molek | I33: ZD4B | J33: DC Karawang Lot. 41 | K33: 10 | L33: CBU | M33: *Gab Duri + Molek | N33: AVR20RB226L8
B34: HM Sampoerna PT | C34: FA048258.06 | D34: 1 | E34: Box | F34: 43306 | G34: ZD2F | H34: ADW Air Molek | I34: ZD4B | J34: DC Karawang Lot. 41 | K34: 10 | L34: CBU | M34: *Gab Duri + Molek | N34: AVM20RB226L8
B35: HM Sampoerna PT | C35: FA045795.13 | D35: 24 | E35: Box | F35: 43306 | G35: ZD2F | H35: ADW Air Molek | I35: ZD4B | J35: DC Karawang Lot. 41 | K35: 10 | L35: CBU | M35: *Gab Duri + Molek | N35: MLD12RB146L8
B36: HM Sampoerna PT | C36: FA044121.19 | D36: 135 | E36: Box | F36: 43306 | G36: ZD2F | H36: ADW Air Molek | I36: ZD4B | J36: DC Karawang Lot. 41 | K36: 10 | L36: CBU | M36: *Gab Duri + Molek | N36: MLD16RC204L8
B37: HM Sampoerna PT | C37: FA061184.02 | D37: 10 | E37: Box | F37: 43306 | G37: ZD2F | H37: ADW Air Molek | I37: ZD4B | J37: DC Karawang Lot. 41 | K37: 10 | L37: CBU | M37: *Gab Duri + Molek | N37: MFB20RA224L8
B38: HM Sampoerna PT | C38: FA067816.01 | D38: 20 | E38: Box | F38: 43306 | G38: ZD2F | H38: ADW Air Molek | I38: ZD4B | J38: DC Karawang Lot. 41 | K38: 10 | L38: CBU | M38: *Gab Duri + Molek | N38: UBL12RA134L8
B39: HM Sampoerna PT | C39: FA045300.04 | D39: 30 | E39: Box | F39: 43306 | G39: ZD2F | H39: ADW Air Molek | I39: ZD4B | J39: DC Karawang Lot. 41 | K39: 10 | L39: CBU | M39: *Gab Duri + Molek | N39: DMM16RA179L8
A40: 4701367453 | B40: HM Sampoerna PT | C40: FA035621.15 | D40: 20 | E40: Box | F40: 43306 | G40: ZD2E | H40: ADW Duri | I40: ZD4A | J40: DC Karawang Lot. 17 | K40: 10 | L40: CBU | M40: *Gab Duri + Molek | N40: DSB12RA170L8
B41: HM Sampoerna PT | C41: FA010784.17 | D41: 12 | E41: Box | F41: 43306 | G41: ZD2E | H41: ADW Duri | I41: ZD4A | J41: DC Karawang Lot. 17 | K41: 10 | L41: CBU | M41: *Gab Duri + Molek | N41: DSS16RA202L8
B42: PT. Sampoerna Indonesia Sembilan | C42: FA068324.02 | D42: 20 | E42: Box | F42: 43306 | G42: ZD2E | H42: ADW Duri | I42: ZD4A | J42: DC Karawang Lot. 17 | K42: 10 | L42: CBU | M42: *Gab Duri + Molek | N42: UML12RB134L8
B43: HM Sampoerna PT | C43: FA071127.00 | D43: 50 | E43: Box | F43: 43306 | G43: ZD2E | H43: ADW Duri | I43: ZD4A | J43: DC Karawang Lot. 17 | K43: 10 | L43: CBU | M43: *Gab Duri + Molek | N43: SAH12RC113L8
A44: 4701367454 | B44: HM Sampoerna PT | C44: FA048259.05 | D44: 11 | E44: Box | F44: 43306 | G44: ZD2E | H44: ADW Duri | I44: ZD4B | J44: DC Karawang Lot. 41 | K44: 10 | L44: CBU | M44: *Gab Duri + Molek | N44: AVR20RB226L8
B45: HM Sampoerna PT | C45: FA048258.06 | D45: 1 | E45: Box | F45: 43306 | G45: ZD2E | H45: ADW Duri | I45: ZD4B | J45: DC Karawang Lot. 41 | K45: 10 | L45: CBU | M45: *Gab Duri + Molek | N45: AVM20RB226L8
B46: HM Sampoerna PT | C46: FA045796.14 | D46: 4 | E46: Box | F46: 43306 | G46: ZD2E | H46: ADW Duri | I46: ZD4B | J46: DC Karawang Lot. 41 | K46: 10 | L46: CBU | M46: *Gab Duri + Molek | N46: DSM12RC156L8
B47: HM Sampoerna PT | C47: FA045795.13 | D47: 24 | E47: Box | F47: 43306 | G47: ZD2E | H47: ADW Duri | I47: ZD4B | J47: DC Karawang Lot. 41 | K47: 10 | L47: CBU | M47: *Gab Duri + Molek | N47: MLD12RB146L8
B48: HM Sampoerna PT | C48: FA044121.19 | D48: 120 | E48: Box | F48: 43306 | G48: ZD2E | H48: ADW Duri | I48: ZD4B | J48: DC Karawang Lot. 41 | K48: 10 | L48: CBU | M48: *Gab Duri + Molek | N48: MLD16RC204L8
B49: HM Sampoerna PT | C49: FA061184.02 | D49: 15 | E49: Box | F49: 43306 | G49: ZD2E | H49: ADW Duri | I49: ZD4B | J49: DC Karawang Lot. 41 | K49: 10 | L49: CBU | M49: *Gab Duri + Molek | N49: MFB20RA224L8
B50: HM Sampoerna PT | C50: FA067816.01 | D50: 30 | E50: Box | F50: 43306 | G50: ZD2E | H50: ADW Duri | I50: ZD4B | J50: DC Karawang Lot. 41 | K50: 10 | L50: CBU | M50: *Gab Duri + Molek | N50: UBL12RA134L8
B51: HM Sampoerna PT | C51: FA045300.04 | D51: 30 | E51: Box | F51: 43306 | G51: ZD2E | H51: ADW Duri | I51: ZD4B | J51: DC Karawang Lot. 41 | K51: 10 | L51: CBU | M51: *Gab Duri + Molek | N51: DMM16RA179L8
A52: 4701367455 | B52: HM Sampoerna PT | C52: FA035621.15 | D52: 30 | E52: Box | F52: 43306 | G52: ZD3D | H52: ADW Palembang | I52: ZD4A | J52: DC Karawang Lot. 17 | K52: 11 | L52: CBU | N52: DSB12RA170L8
B53: HM Sampoerna PT | C53: FA064382.01 | D53: 100 | E53: Box | F53: 43306 | G53: ZD3D | H53: ADW Palembang | I53: ZD4A | J53: DC Karawang Lot. 17 | K53: 11 | L53: CBU | N53: DSS12RA151L8
B54: HM Sampoerna PT | C54: FA010784.17 | D54: 15 | E54: Box | F54: 43306 | G54: ZD3D | H54: ADW Palembang | I54: ZD4A | J54: DC Karawang Lot. 17 | K54: 11 | L54: CBU | N54: DSS16RA202L8
B55: PT. Sampoerna Indonesia Sembilan | C55: FA068324.02 | D55: 6 | E55: Box | F55: 43306 | G55: ZD3D | H55: ADW Palembang | I55: ZD4A | J55: DC Karawang Lot. 17 | K55: 11 | L55: CBU | N55: UML12RB134L8
B56: HM Sampoerna PT | C56: FA071115.00 | D56: 7 | E56: Box | F56: 43306 | G56: ZD3D | H56: ADW Palembang | I56: ZD4A | J56: DC Karawang Lot. 17 | K56: 11 | L56: CBU | N56: PNK12RC112L8
A57: 4701367456 | B57: Philip Morris Indonesia PT | C57: FA052576.13 | D57: 40 | E57: Box | F57: 43306 | G57: ZD3D | H57: ADW Palembang | I57: ZD4A | J57: DC Karawang Lot. 17 | K57: 11 | L57: CBU | N57: MBR20RC233L8
B58: Philip Morris Indonesia PT | C58: FA068715.04 | D58: 30 | E58: Box | F58: 43306 | G58: ZD3D | H58: ADW Palembang | I58: ZD4A | J58: DC Karawang Lot. 17 | K58: 11 | L58: CBU | N58: MBL20RB233L8
A59: 4701367457 | B59: HM Sampoerna PT | C59: FA048259.05 | D59: 30 | E59: Box | F59: 43306 | G59: ZD3D | H59: ADW Palembang | I59: ZD4B | J59: DC Karawang Lot. 41 | K59: 11 | L59: CBU | N59: AVR20RB226L8
B60: HM Sampoerna PT | C60: FA048258.06 | D60: 15 | E60: Box | F60: 43306 | G60: ZD3D | H60: ADW Palembang | I60: ZD4B | J60: DC Karawang Lot. 41 | K60: 11 | L60: CBU | N60: AVM20RB226L8
B61: HM Sampoerna PT | C61: FA045795.13 | D61: 48 | E61: Box | F61: 43306 | G61: ZD3D | H61: ADW Palembang | I61: ZD4B | J61: DC Karawang Lot. 41 | K61: 11 | L61: CBU | N61: MLD12RB146L8
B62: HM Sampoerna PT | C62: FA044121.19 | D62: 250 | E62: Box | F62: 43306 | G62: ZD3D | H62: ADW Palembang | I62: ZD4B | J62: DC Karawang Lot. 41 | K62: 11 | L62: CBU | N62: MLD16RC204L8
B63: HM Sampoerna PT | C63: FA062333.03 | D63: 11 | E63: Box | F63: 43306 | G63: ZD3D | H63: ADW Palembang | I63: ZD4B | J63: DC Karawang Lot. 41 | K63: 11 | L63: CBU | N63: MTB16RA200L8
B64: HM Sampoerna PT | C64: FA045300.04 | D64: 60 | E64: Box | F64: 43306 | G64: ZD3D | H64: ADW Palembang | I64: ZD4B | J64: DC Karawang Lot. 41 | K64: 11 | L64: CBU | N64: DMM16RA179L8
A65: 4701367458 | B65: HM Sampoerna PT | C65: FA064382.01 | D65: 120 | E65: Box | F65: 43306 | G65: ZD3G | H65: ADW Jambi | I65: ZD4A | J65: DC Karawang Lot. 17 | K65: 12 | L65: CBU | M65: *Gab Jambi + Muarabungo | N65: DSS12RA151L8
B66: PT. Sampoerna Indonesia Sembilan | C66: FA068324.02 | D66: 30 | E66: Box | F66: 43306 | G66: ZD3G | H66: ADW Jambi | I66: ZD4A | J66: DC Karawang Lot. 17 | K66: 12 | L66: CBU | M66: *Gab Jambi + Muarabungo | N66: UML12RB134L8
A67: 4701367459 | B67: Philip Morris Indonesia PT | C67: FA052576.13 | D67: 30 | E67: Box | F67: 43306 | G67: ZD3G | H67: ADW Jambi | I67: ZD4A | J67: DC Karawang Lot. 17 | K67: 12 | L67: CBU | M67: *Gab Jambi + Muarabungo | N67: MBR20RC233L8
B68: Philip Morris Indonesia PT | C68: FA068715.04 | D68: 30 | E68: Box | F68: 43306 | G68: ZD3G | H68: ADW Jambi | I68: ZD4A | J68: DC Karawang Lot. 17 | K68: 12 | L68: CBU | M68: *Gab Jambi + Muarabungo | N68: MBL20RB233L8
A69: 4701367460 | B69: HM Sampoerna PT | C69: FA048258.06 | D69: 10 | E69: Box | F69: 43306 | G69: ZD3G | H69: ADW Jambi | I69: ZD4B | J69: DC Karawang Lot. 41 | K69: 12 | L69: CBU | M69: *Gab Jambi + Muarabungo | N69: AVM20RB226L8
B70: HM Sampoerna PT | C70: FA044121.19 | D70: 240 | E70: Box | F70: 43306 | G70: ZD3G | H70: ADW Jambi | I70: ZD4B | J70: DC Karawang Lot. 41 | K70: 12 | L70: CBU | M70: *Gab Jambi + Muarabungo | N70: MLD16RC204L8
A71: 4701367461 | B71: HM Sampoerna PT | C71: FA010784.17 | D71: 10 | E71: Box | F71: 43306 | G71: ZD3H | H71: ADW Muara Bungo | I71: ZD4A | J71: DC Karawang Lot. 17 | K71: 12 | L71: CBU | M71: *Gab Jambi + Muarabungo | N71: DSS16RA202L8
B72: PT. Sampoerna Indonesia Sembilan | C72: FA068324.02 | D72: 20 | E72: Box | F72: 43306 | G72: ZD3H | H72: ADW Muara Bungo | I72: ZD4A | J72: DC Karawang Lot. 17 | K72: 12 | L72: CBU | M72: *Gab Jambi + Muarabungo | N72: UML12RB134L8
A73: 4701367462 | B73: HM Sampoerna PT | C73: FA048258.06 | D73: 2 | E73: Box | F73: 43306 | G73: ZD3H | H73: ADW Muara Bungo | I73: ZD4B | J73: DC Karawang Lot. 41 | K73: 12 | L73: CBU | M73: *Gab Jambi + Muarabungo | N73: AVM20RB226L8
B74: HM Sampoerna PT | C74: FA045795.13 | D74: 24 | E74: Box | F74: 43306 | G74: ZD3H | H74: ADW Muara Bungo | I74: ZD4B | J74: DC Karawang Lot. 41 | K74: 12 | L74: CBU | M74: *Gab Jambi + Muarabungo | N74: MLD12RB146L8
B75: HM Sampoerna PT | C75: FA044121.19 | D75: 120 | E75: Box | F75: 43306 | G75: ZD3H | H75: ADW Muara Bungo | I75: ZD4B | J75: DC Karawang Lot. 41 | K75: 12 | L75: CBU | M75: *Gab Jambi + Muarabungo | N75: MLD16RC204L8
A76: 4701367463 | B76: HM Sampoerna PT | C76: FA064382.01 | D76: 120 | E76: Box | F76: 43306 | G76: ZD3B | H76: ADW Lampung | I76: ZD4A | J76: DC Karawang Lot. 17 | K76: 13 | L76: CBU | M76: *Gab Lampung + Metro | N76: DSS12RA151L8
B77: HM Sampoerna PT | C77: FA071127.00 | D77: 1 | E77: Box | F77: 43306 | G77: ZD3B | H77: ADW Lampung | I77: ZD4A | J77: DC Karawang Lot. 17 | K77: 13 | L77: CBU | M77: *Gab Lampung + Metro | N77: SAH12RC113L8
A78: 4701367464 | B78: Philip Morris Indonesia PT | C78: FA052576.13 | D78: 25 | E78: Box | F78: 43306 | G78: ZD3B | H78: ADW Lampung | I78: ZD4A | J78: DC Karawang Lot. 17 | K78: 13 | L78: CBU | M78: *Gab Lampung + Metro | N78: MBR20RC233L8
B79: Philip Morris Indonesia PT | C79: FA068715.04 | D79: 20 | E79: Box | F79: 43306 | G79: ZD3B | H79: ADW Lampung | I79: ZD4A | J79: DC Karawang Lot. 17 | K79: 13 | L79: CBU | M79: *Gab Lampung + Metro | N79: MBL20RB233L8
A80: 4701367465 | B80: HM Sampoerna PT | C80: FA048258.06 | D80: 10 | E80: Box | F80: 43306 | G80: ZD3B | H80: ADW Lampung | I80: ZD4B | J80: DC Karawang Lot. 41 | K80: 13 | L80: CBU | M80: *Gab Lampung + Metro | N80: AVM20RB226L8
B81: HM Sampoerna PT | C81: FA044121.19 | D81: 250 | E81: Box | F81: 43306 | G81: ZD3B | H81: ADW Lampung | I81: ZD4B | J81: DC Karawang Lot. 41 | K81: 13 | L81: CBU | M81: *Gab Lampung + Metro | N81: MLD16RC204L8
B82: HM Sampoerna PT | C82: FA062333.03 | D82: 15 | E82: Box | F82: 43306 | G82: ZD3B | H82: ADW Lampung | I82: ZD4B | J82: DC Karawang Lot. 41 | K82: 13 | L82: CBU | M82: *Gab Lampung + Metro | N82: MTB16RA200L8
B83: HM Sampoerna PT | C83: FA045300.04 | D83: 90 | E83: Box | F83: 43306 | G83: ZD3B | H83: ADW Lampung | I83: ZD4B | J83: DC Karawang Lot. 41 | K83: 13 | L83: CBU | M83: *Gab Lampung + Metro | N83: DMM16RA179L8
A84: 4701367466 | B84: HM Sampoerna PT | C84: FA035621.15 | D84: 20 | E84: Box | F84: 43306 | G84: ZD3L | H84: ADW Metro | I84: ZD4A | J84: DC Karawang Lot. 17 | K84: 13 | L84: CBU | M84: *Gab Lampung + Metro | N84: DSB12RA170L8
B85: HM Sampoerna PT | C85: FA010784.17 | D85: 8 | E85: Box | F85: 43306 | G85: ZD3L | H85: ADW Metro | I85: ZD4A | J85: DC Karawang Lot. 17 | K85: 13 | L85: CBU | M85: *Gab Lampung + Metro | N85: DSS16RA202L8
A86: 4701367467 | B86: Philip Morris Indonesia PT | C86: FA068715.04 | D86: 5 | E86: Box | F86: 43306 | G86: ZD3L | H86: ADW Metro | I86: ZD4A | J86: DC Karawang Lot. 17 | K86: 13 | L86: CBU | M86: *Gab Lampung + Metro | N86: MBL20RB233L8
B87: Philip Morris Indonesia PT | C87: FA069748.02 | D87: 7 | E87: Box | F87: 43306 | G87: ZD3L | H87: ADW Metro | I87: ZD4A | J87: DC Karawang Lot. 17 | K87: 13 | L87: CBU | M87: *Gab Lampung + Metro | N87: MMI20RC233L8
A88: 4701367468 | B88: HM Sampoerna PT | C88: FA048258.06 | D88: 6 | E88: Box | F88: 43306 | G88: ZD3L | H88: ADW Metro | I88: ZD4B | J88: DC Karawang Lot. 41 | K88: 13 | L88: CBU | M88: *Gab Lampung + Metro | N88: AVM20RB226L8
B89: HM Sampoerna PT | C89: FA044121.19 | D89: 75 | E89: Box | F89: 43306 | G89: ZD3L | H89: ADW Metro | I89: ZD4B | J89: DC Karawang Lot. 41 | K89: 13 | L89: CBU | M89: *Gab Lampung + Metro | N89: MLD16RC204L8
A90: 4701367469 | B90: HM Sampoerna PT | C90: FA010784.17 | D90: 5 | E90: Box | F90: 43306 | G90: ZD3I | H90: ADW Bengkulu | I90: ZD4A | J90: DC Karawang Lot. 17 | K90: 14 | L90: CBU | M90: *Gab Bengkulu + Lubuklinggau | N90: DSS16RA202L8
B91: HM Sampoerna PT | C91: FA071127.00 | D91: 9 | E91: Box | F91: 43306 | G91: ZD3I | H91: ADW Bengkulu | I91: ZD4A | J91: DC Karawang Lot. 17 | K91: 14 | L91: CBU | M91: *Gab Bengkulu + Lubuklinggau | N91: SAH12RC113L8
A92: 4701367470 | B92: Philip Morris Indonesia PT | C92: FA068715.04 | D92: 35 | E92: Box | F92: 43306 | G92: ZD3I | H92: ADW Bengkulu | I92: ZD4A | J92: DC Karawang Lot. 17 | K92: 14 | L92: CBU | M92: *Gab Bengkulu + Lubuklinggau | N92: MBL20RB233L8
B93: Philip Morris Indonesia PT | C93: FA069748.02 | D93: 3 | E93: Box | F93: 43306 | G93: ZD3I | H93: ADW Bengkulu | I93: ZD4A | J93: DC Karawang Lot. 17 | K93: 14 | L93: CBU | M93: *Gab Bengkulu + Lubuklinggau | N93: MMI20RC233L8
A94: 4701367471 | B94: HM Sampoerna PT | C94: FA048259.05 | D94: 19 | E94: Box | F94: 43306 | G94: ZD3I | H94: ADW Bengkulu | I94: ZD4B | J94: DC Karawang Lot. 41 | K94: 14 | L94: CBU | M94: *Gab Bengkulu + Lubuklinggau | N94: AVR20RB226L8
B95: HM Sampoerna PT | C95: FA044121.19 | D95: 160 | E95: Box | F95: 43306 | G95: ZD3I | H95: ADW Bengkulu | I95: ZD4B | J95: DC Karawang Lot. 41 | K95: 14 | L95: CBU | M95: *Gab Bengkulu + Lubuklinggau | N95: MLD16RC204L8
B96: HM Sampoerna PT | C96: FA045300.04 | D96: 120 | E96: Box | F96: 43306 | G96: ZD3I | H96: ADW Bengkulu | I96: ZD4B | J96: DC Karawang Lot. 41 | K96: 14 | L96: CBU | M96: *Gab Bengkulu + Lubuklinggau | N96: DMM16RA179L8
A97: 4701367472 | B97: PT. Sampoerna Indonesia Sembilan | C97: FA067814.02 | D97: 30 | E97: Box | F97: 43306 | G97: ZD3K | H97: DPC Lubuk Linggau | I97: ZD4A | J97: DC Karawang Lot. 17 | K97: 14 | L97: CBU | M97: *Gab Bengkulu + Lubuklinggau | N97: UML16RB179L8
B98: HM Sampoerna PT | C98: FA071127.00 | D98: 17 | E98: Box | F98: 43306 | G98: ZD3K | H98: DPC Lubuk Linggau | I98: ZD4A | J98: DC Karawang Lot. 17 | K98: 14 | L98: CBU | M98: *Gab Bengkulu + Lubuklinggau | N98: SAH12RC113L8
A99: 4701367473 | B99: Philip Morris Indonesia PT | C99: FA068715.04 | D99: 30 | E99: Box | F99: 43306 | G99: ZD3K | H99: DPC Lubuk Linggau | I99: ZD4A | J99: DC Karawang Lot. 17 | K99: 14 | L99: CBU | M99: *Gab Bengkulu + Lubuklinggau | N99: MBL20RB233L8
B100: Philip Morris Indonesia PT | C100: FA069748.02 | D100: 1 | E100: Box | F100: 43306 | G100: ZD3K | H100: DPC Lubuk Linggau | I100: ZD4A | J100: DC Karawang Lot. 17 | K100: 14 | L100: CBU | M100: *Gab Bengkulu + Lubuklinggau | N100: MMI20RC233L8
A101: 4701367474 | B101: HM Sampoerna PT | C101: FA048258.06 | D101: 6 | E101: Box | F101: 43306 | G101: ZD3K | H101: DPC Lubuk Linggau | I101: ZD4B | J101: DC Karawang Lot. 41 | K101: 14 | L101: CBU | M101: *Gab Bengkulu + Lubuklinggau | N101: AVM20RB226L8
...

Sheet Kamis
A1: ="Pengiriman ( Kamis ) Tgl. "&TEXT(MID(Rabu!A1,FIND(".",Rabu!A1,1)+2,17)+1,"dd mmmm yyyy") -> Pengiriman ( Kamis ) Tgl. 26 July 2018
A3: STO Number | B3: Supplier | C3: Item | D3: Qty | E3: UoM | F3: Promise Date | H3: Ship To | J3: From | K3: Seq | L3: VehicleType | M3: Keterangan | N3: Brand
B4: HM Sampoerna PT | C4: FA035621.15 | D4: 207 | E4: Box | F4: 43307 | G4: ZD1L | H4: Depo Medan | I4: ZD4A | J4: DC Karawang Lot. 17 | K4: 1 | L4: Cont 20FT | N4: DSB12RA170L8
B5: HM Sampoerna PT | C5: FA071115.00 | D5: 155 | E5: Box | F5: 43307 | G5: ZD1L | H5: Depo Medan | I5: ZD4A | J5: DC Karawang Lot. 17 | K5: 1 | L5: Cont 20FT | N5: PNK12RC112L8
B6: HM Sampoerna PT | C6: FA071115.00 | D6: 205 | E6: Box | F6: 43307 | G6: ZD1L | H6: Depo Medan | I6: ZD4A | J6: DC Karawang Lot. 17 | K6: 2 | L6: Cont 40FT HC | N6: PNK12RC112L8
B7: Philip Morris Indonesia PT | C7: FA052576.13 | D7: 182 | E7: Box | F7: 43307 | G7: ZD1L | H7: Depo Medan | I7: ZD4A | J7: DC Karawang Lot. 17 | K7: 2 | L7: Cont 40FT HC | N7: MBR20RC233L8
B8: Philip Morris Indonesia PT | C8: FA068715.04 | D8: 100 | E8: Box | F8: 43307 | G8: ZD1L | H8: Depo Medan | I8: ZD4A | J8: DC Karawang Lot. 17 | K8: 2 | L8: Cont 40FT HC | N8: MBL20RB233L8
B9: HM Sampoerna PT | C9: FA045796.14 | D9: 51 | E9: Box | F9: 43307 | G9: ZD1L | H9: Depo Medan | I9: ZD4B | J9: DC Karawang Lot. 41 | K9: 2 | L9: Cont 40FT HC | N9: DSM12RC156L8
B10: HM Sampoerna PT | C10: FA044121.19 | D10: 300 | E10: Box | F10: 43307 | G10: ZD1L | H10: Depo Medan | I10: ZD4B | J10: DC Karawang Lot. 41 | K10: 2 | L10: Cont 40FT HC | N10: MLD16RC204L8
B11: HM Sampoerna PT | C11: FA045796.14 | D11: 729 | E11: Box | F11: 43307 | G11: ZD1L | H11: Depo Medan | I11: ZD4B | J11: DC Karawang Lot. 41 | K11: 3 | L11: Cont 40FT HC | N11: DSM12RC156L8
B12: HM Sampoerna PT | C12: FA035621.15 | D12: 166 | E12: Box | F12: 43307 | G12: ZD2A | H12: ADW Padang | I12: ZD4A | J12: DC Karawang Lot. 17 | K12: 4 | L12: Cont 40FT HC | N12: DSB12RA170L8
B13: HM Sampoerna PT | C13: FA064382.01 | D13: 160 | E13: Box | F13: 43307 | G13: ZD2A | H13: ADW Padang | I13: ZD4A | J13: DC Karawang Lot. 17 | K13: 4 | L13: Cont 40FT HC | N13: DSS12RA151L8
B14: PT. Sampoerna Indonesia Sembilan | C14: FA068324.02 | D14: 83 | E14: Box | F14: 43307 | G14: ZD2A | H14: ADW Padang | I14: ZD4A | J14: DC Karawang Lot. 17 | K14: 4 | L14: Cont 40FT HC | N14: UML12RB134L8
B15: PT. Sampoerna Indonesia Sembilan | C15: FA067814.02 | D15: 157 | E15: Box | F15: 43307 | G15: ZD2A | H15: ADW Padang | I15: ZD4A | J15: DC Karawang Lot. 17 | K15: 4 | L15: Cont 40FT HC | N15: UML16RB179L8
... B42: HM Sampoerna PT | C42: FA045300.04 | D42: 210 | E42: Box | F42: 43307 | G42: ZD2E | H42: ADW Duri | I42: ZD4B | J42: DC Karawang Lot. 41 | K42: 9 | L42: CBU | N42: DMM16RA179L8
B43: HM Sampoerna PT | C43: FA035621.15 | D43: 28 | E43: Box | F43: 43307 | G43: ZD3O | H43: DPC Tuba | I43: ZD4A | J43: DC Karawang Lot. 17 | K43: 10 | L43: CBU | M43: *Gab Kotabumi + Pringsewu | N43: DSB12RA170L8
B44: HM Sampoerna PT | C44: FA064382.01 | D44: 17 | E44: Box | F44: 43307 | G44: ZD3O | H44: DPC Tuba | I44: ZD4A | J44: DC Karawang Lot. 17 | K44: 10 | L44: CBU | M44: *Gab Kotabumi + Pringsewu | N44: DSS12RA151L8
B45: HM Sampoerna PT | C45: FA010784.17 | D45: 8 | E45: Box | F45: 43307 | G45: ZD3O | H45: DPC Tuba | I45: ZD4A | J45: DC Karawang Lot. 17 | K45: 10 | L45: CBU | M45: *Gab Kotabumi + Pringsewu | N45: DSS16RA202L8
B46: PT. Sampoerna Indonesia Sembilan | C46: FA067814.02 | D46: 2 | E46: Box | F46: 43307 | G46: ZD3O | H46: DPC Tuba | I46: ZD4A | J46: DC Karawang Lot. 17 | K46: 10 | L46: CBU | M46: *Gab Kotabumi + Pringsewu | N46: UML16RB179L8
B47: Philip Morris Indonesia PT | C47: FA052576.13 | D47: 20 | E47: Box | F47: 43307 | G47: ZD3O | H47: DPC Tuba | I47: ZD4A | J47: DC Karawang Lot. 17 | K47: 10 | L47: CBU | M47: *Gab Kotabumi + Pringsewu | N47: MBR20RC233L8
B48: Philip Morris Indonesia PT | C48: FA068715.04 | D48: 5 | E48: Box | F48: 43307 | G48: ZD3O | H48: DPC Tuba | I48: ZD4A | J48: DC Karawang Lot. 17 | K48: 10 | L48: CBU | M48: *Gab Kotabumi + Pringsewu | N48: MBL20RB233L8
B49: HM Sampoerna PT | C49: FA048258.06 | D49: 3 | E49: Box | F49: 43307 | G49: ZD3O | H49: DPC Tuba | I49: ZD4B | J49: DC Karawang Lot. 41 | K49: 10 | L49: CBU | M49: *Gab Kotabumi + Pringsewu | N49: AVM20RB226L8
B50: HM Sampoerna PT | C50: FA044121.19 | D50: 85 | E50: Box | F50: 43307 | G50: ZD3O | H50: DPC Tuba | I50: ZD4B | J50: DC Karawang Lot. 41 | K50: 10 | L50: CBU | M50: *Gab Kotabumi + Pringsewu | N50: MLD16RC204L8
B51: HM Sampoerna PT | C51: FA061184.02 | D51: 43 | E51: Box | F51: 43307 | G51: ZD3O | H51: DPC Tuba | I51: ZD4B | J51: DC Karawang Lot. 41 | K51: 10 | L51: CBU | M51: *Gab Kotabumi + Pringsewu | N51: MFB20RA224L8
B52: HM Sampoerna PT | C52: FA069010.02 | D52: 10 | E52: Box | F52: 43307 | G52: ZD3O | H52: DPC Tuba | I52: ZD4B | J52: DC Karawang Lot. 41 | K52: 10 | L52: CBU | M52: *Gab Kotabumi + Pringsewu | N52: MFB12RA134L8
B53: HM Sampoerna PT | C53: FA045300.04 | D53: 215 | E53: Box | F53: 43307 | G53: ZD3O | H53: DPC Tuba | I53: ZD4B | J53: DC Karawang Lot. 41 | K53: 10 | L53: CBU | M53: *Gab Kotabumi + Pringsewu | N53: DMM16RA179L8
B54: HM Sampoerna PT | C54: FA048259.05 | D54: 99 | E54: Box | F54: 43307 | G54: ZD4C | H54: ADW Jakarta Utara | I54: ZD4B | J54: DC Karawang Lot. 41 | K54: 11 | L54: Standard | N54: AVR20RB226L8
B55: HM Sampoerna PT | C55: FA045796.14 | D55: 130 | E55: Box | F55: 43307 | G55: ZD4C | H55: ADW Jakarta Utara | I55: ZD4B | J55: DC Karawang Lot. 41 | K55: 11 | L55: Standard | N55: DSM12RC156L8
B56: HM Sampoerna PT | C56: FA044121.19 | D56: 70 | E56: Box | F56: 43307 | G56: ZD4C | H56: ADW Jakarta Utara | I56: ZD4B | J56: DC Karawang Lot. 41 | K56: 11 | L56: Standard | N56: MLD16RC204L8
B57: HM Sampoerna PT | C57: FA067816.01 | D57: 9 | E57: Box | F57: 43307 | G57: ZD4C | H57: ADW Jakarta Utara | I57: ZD4B | J57: DC Karawang Lot. 41 | K57: 11 | L57: Standard | N57: UBL12RA134L8
B58: HM Sampoerna PT | C58: FA044121.16 | D58: 165 | E58: Box | F58: 43307 | G58: ZD4C | H58: ADW Jakarta Utara | I58: ZD4B | J58: DC Karawang Lot. 41 | K58: 11 | L58: Standard | N58: MLD16RA195L8
B59: HM Sampoerna PT | C59: FA044121.19 | D59: 775 | E59: Box | F59: 43307 | G59: ZD4C | H59: ADW Jakarta Utara | I59: ZD4B | J59: DC Karawang Lot. 41 | K59: 12 | L59: CBU | N59: MLD16RC204L8
B60: HM Sampoerna PT | C60: FA044121.19 | D60: 500 | E60: Box | F60: 43307 | G60: ZD4H | H60: ADW Jakarta Timur A | I60: ZD4B | J60: DC Karawang Lot. 41 | K60: 13 | L60: Standard | N60: MLD16RC204L8
B61: HM Sampoerna PT | C61: FA069010.02 | D61: 16 | E61: Box | F61: 43307 | G61: ZD4H | H61: ADW Jakarta Timur A | I61: ZD4B | J61: DC Karawang Lot. 41 | K61: 13 | L61: Standard | N61: MFB12RA134L8
B62: HM Sampoerna PT | C62: FA044121.16 | D62: 19 | E62: Box | F62: 43307 | G62: ZD4H | H62: ADW Jakarta Timur A | I62: ZD4B | J62: DC Karawang Lot. 41 | K62: 13 | L62: Standard | N62: MLD16RA195L8
B63: HM Sampoerna PT | C63: FA035621.15 | D63: 100 | E63: Box | F63: 43307 | G63: ZD4F | H63: DPC Jakarta Timur | I63: ZD4A | J63: DC Karawang Lot. 17 | K63: 14 | L63: Standard | N63: DSB12RA170L8
B64: HM Sampoerna PT | C64: FA048259.05 | D64: 55 | E64: Box | F64: 43307 | G64: ZD4F | H64: DPC Jakarta Timur | I64: ZD4B | J64: DC Karawang Lot. 41 | K64: 14 | L64: Standard | N64: AVR20RB226L8
B65: HM Sampoerna PT | C65: FA044121.19 | D65: 20 | E65: Box | F65: 43307 | G65: ZD4F | H65: DPC Jakarta Timur | I65: ZD4B | J65: DC Karawang Lot. 41 | K65: 14 | L65: Standard | N65: MLD16RC204L8
... B103: HM Sampoerna PT | C103: FA044121.19 | D103: 775 | E103: Box | F103: 43307 | G103: ZD5C | H103: ADW Sukabumi | I103: ZD4B | J103: DC Karawang Lot. 41 | K103: 23 | L103: CBU | N103: MLD16RC204L8
B104: HM Sampoerna PT | C104: FA045796.14 | D104: 100 | E104: Box | F104: 43307 | G104: ZD5E | H104: ADW Garut | I104: ZD4B | J104: DC Karawang Lot. 41 | K104: 24 | L104: Standard | M104: *Gab Tasik + Garut | N104: DSM12RC156L8
B105: HM Sampoerna PT | C105: FA067816.01 | D105: 12 | E105: Box | F105: 43307 | G105: ZD5E | H105: ADW Garut | I105: ZD4B | J105: DC Karawang Lot. 41 | K105: 24 | L105: Standard | M105: *Gab Tasik + Garut | N105: UBL12RA134L8
B106: HM Sampoerna PT | C106: FA048259.05 | D106: 16 | E106: Box | F106: 43307 | G106: ZD5D | H106: ADW Tasikmalaya | I106: ZD4B | J106: DC Karawang Lot. 41 | K106: 24 | L106: Standard | M106: *Gab Tasik + Garut | N106: AVR20RB226L8
B107: HM Sampoerna PT | C107: FA045796.14 | D107: 53 | E107: Box | F107: 43307 | G107: ZD5D | H107: ADW Tasikmalaya | I107: ZD4B | J107: DC Karawang Lot. 41 | K107: 24 | L107: Standard | M107: *Gab Tasik + Garut | N107: DSM12RC156L8
B108: HM Sampoerna PT | C108: FA044121.19 | D108: 210 | E108: Box | F108: 43307 | G108: ZD5D | H108: ADW Tasikmalaya | I108: ZD4B | J108: DC Karawang Lot. 41 | K108: 24 | L108: Standard | M108: *Gab Tasik + Garut | N108: MLD16RC204L8
B109: HM Sampoerna PT | C109: FA067816.01 | D109: 33 | E109: Box | F109: 43307 | G109: ZD5D | H109: ADW Tasikmalaya | I109: ZD4B | J109: DC Karawang Lot. 41 | K109: 24 | L109: Standard | M109: *Gab Tasik + Garut | N109: UBL12RA134L8
B110: HM Sampoerna PT | C110: FA010784.17 | D110: 6 | E110: Box | F110: 43307 | G110: ZD6G | H110: ADW Magelang | I110: ZD4A | J110: DC Karawang Lot. 17 | K110: 25 | L110: Standard | M110: *Gab Yogya + Magelang | N110: DSS16RA202L8
B111: Philip Morris Indonesia PT | C111: FA052576.13 | D111: 6 | E111: Box | F111: 43307 | G111: ZD6G | H111: ADW Magelang | I111: ZD4A | J111: DC Karawang Lot. 17 | K111: 25 | L111: Standard | M111: *Gab Yogya + Magelang | N111: MBR20RC233L8
B112: Philip Morris Indonesia PT | C112: FA068715.04 | D112: 15 | E112: Box | F112: 43307 | G112: ZD6G | H112: ADW Magelang | I112: ZD4A | J112: DC Karawang Lot. 17 | K112: 25 | L112: Standard | M112: *Gab Yogya + Magelang | N112: MBL20RB233L8
B113: Philip Morris Indonesia PT | C113: FA069748.02 | D113: 5 | E113: Box | F113: 43307 | G113: ZD6G | H113: ADW Magelang | I113: ZD4A | J113: DC Karawang Lot. 17 | K113: 25 | L113: Standard | M113: *Gab Yogya + Magelang | N113: MMI20RC233L8
B114: HM Sampoerna PT | C114: FA045796.14 | D114: 5 | E114: Box | F114: 43307 | G114: ZD6G | H114: ADW Magelang | I114: ZD4B | J114: DC Karawang Lot. 41 | K114: 25 | L114: Standard | M114: *Gab Yogya + Magelang | N114: DSM12RC156L8
B115: HM Sampoerna PT | C115: FA044121.19 | D115: 90 | E115: Box | F115: 43307 | G115: ZD6G | H115: ADW Magelang | I115: ZD4B | J115: DC Karawang Lot. 41 | K115: 25 | L115: Standard | M115: *Gab Yogya + Magelang | N115: MLD16RC204L8
... B125: HM Sampoerna PT | C125: FA069010.02 | D125: 20 | E125: Box | F125: 43307 | G125: ZD6F | H125: ADW Yogyakarta | I125: ZD4B | J125: DC Karawang Lot. 41 | K125: 25 | L125: Standard | M125: *Gab Yogya + Magelang | N125: MFB12RA134L8
B126: HM Sampoerna PT | C126: FA044121.19 | D126: 510 | E126: Box | F126: 43307 | G126: ZD6E | H126: ADW Pati | I126: ZD4B | J126: DC Karawang Lot. 41 | K126: 26 | L126: Standard | N126: MLD16RC204L8
B127: HM Sampoerna PT | C127: FA069010.02 | D127: 20 | E127: Box | F127: 43307 | G127: ZD6E | H127: ADW Pati | I127: ZD4B | J127: DC Karawang Lot. 41 | K127: 26 | L127: Standard | N127: MFB12RA134L8
B128: HM Sampoerna PT | C128: FA048259.05 | D128: 100 | E128: Box | F128: 43307 | G128: ZD7O | H128: DC Surabaya - Kalirungkut | I128: ZD4B | J128: DC Karawang Lot. 41 | K128: 27 | L128: Standard | N128: AVR20RB226L8
B129: HM Sampoerna PT | C129: FA067816.01 | D129: 300 | E129: Box | F129: 43307 | G129: ZD7O | H129: DC Surabaya - Kalirungkut | I129: ZD4B | J129: DC Karawang Lot. 41 | K129: 27 | L129: Standard | N129: UBL12RA134L8
B130: HM Sampoerna PT | C130: FA048259.05 | D130: 150 | E130: Box | F130: 43307 | G130: ZD7O | H130: DC Surabaya - Kalirungkut | I130: ZD4B | J130: DC Karawang Lot. 41 | K130: 28 | L130: Standard | N130: AVR20RB226L8
B131: HM Sampoerna PT | C131: FA045796.14 | D131: 100 | E131: Box | F131: 43307 | G131: ZD7O | H131: DC Surabaya - Kalirungkut | I131: ZD4B | J131: DC Karawang Lot. 41 | K131: 28 | L131: Standard | N131: DSM12RC156L8
B132: HM Sampoerna PT | C132: FA067816.01 | D132: 85 | E132: Box | F132: 43307 | G132: ZD7O | H132: DC Surabaya - Kalirungkut | I132: ZD4B | J132: DC Karawang Lot. 41 | K132: 28 | L132: Standard | N132: UBL12RA134L8
B133: HM Sampoerna PT | C133: FA069010.02 | D133: 85 | E133: Box | F133: 43307 | G133: ZD7O | H133: DC Surabaya - Kalirungkut | I133: ZD4B | J133: DC Karawang Lot. 41 | K133: 28 | L133: Standard | N133: MFB12RA134L8
B134: HM Sampoerna PT | C134: FA045796.14 | D134: 10 | E134: Box | F134: 43307 | G134: ZD9A | H134: ADW Pontianak | I134: ZD4B | J134: DC Karawang Lot. 41 | K134: 29 | L134: Light | M134: Roro | N134: DSM12RC156L8
B135: HM Sampoerna PT | C135: FA062333.03 | D135: 15 | E135: Box | F135: 43307 | G135: ZD9A | H135: ADW Pontianak | I135: ZD4B | J135: DC Karawang Lot. 41 | K135: 29 | L135: Light | M135: Roro | N135: MTB16RA200L8
B136: HM Sampoerna PT | C136: FA061184.02 | D136: 100 | E136: Box | F136: 43307 | G136: ZD9A | H136: ADW Pontianak | I136: ZD4B | J136: DC Karawang Lot. 41 | K136: 29 | L136: Light | M136: Roro | N136: MFB20RA224L8
B137: HM Sampoerna PT | C137: FA071127.00 | D137: 40 | E137: Box | F137: 43307 | G137: ZD9J | H137: Depo Samarinda | I137: ZD4A | J137: DC Karawang Lot. 17 | K137: 30 | L137: Cont 20FT | N137: SAH12RC113L8
B138: Philip Morris Indonesia PT | C138: FA052576.13 | D138: 36 | E138: Box | F138: 43307 | G138: ZD9J | H138: Depo Samarinda | I138: ZD4A | J138: DC Karawang Lot. 17 | K138: 30 | L138: Cont 20FT | N138: MBR20RC233L8
B139: Philip Morris Indonesia PT | C139: FA068715.04 | D139: 41 | E139: Box | F139: 43307 | G139: ZD9J | H139: Depo Samarinda | I139: ZD4A | J139: DC Karawang Lot. 17 | K139: 30 | L139: Cont 20FT | N139: MBL20RB233L8
B140: Philip Morris Indonesia PT | C140: FA069748.02 | D140: 20 | E140: Box | F140: 43307 | G140: ZD9J | H140: Depo Samarinda | I140: ZD4A | J140: DC Karawang Lot. 17 | K140: 30 | L140: Cont 20FT | N140: MMI20RC233L8
B141: HM Sampoerna PT | C141: FA044121.19 | D141: 300 | E141: Box | F141: 43307 | G141: ZD9J | H141: Depo Samarinda | I141: ZD4B | J141: DC Karawang Lot. 41 | K141: 30 | L141: Cont 20FT | N141: MLD16RC204L8
B142: HM Sampoerna PT | C142: FA035621.15 | D142: 40 | E142: Box | F142: 43307 | G142: ZD2H | H142: DPC Tanjung Pinang | I142: ZD4A | J142: DC Karawang Lot. 17 | K142: 31 | L142: Cont 20FT | N142: DSB12RA170L8
B143: HM Sampoerna PT | C143: FA064382.01 | D143: 30 | E143: Box | F143: 43307 | G143: ZD2H | H143: DPC Tanjung Pinang | I143: ZD4A | J143: DC Karawang Lot. 17 | K143: 31 | L143: Cont 20FT | N143: DSS12RA151L8
B144: HM Sampoerna PT | C144: FA010784.17 | D144: 5 | E144: Box | F144: 43307 | G144: ZD2H | H144: DPC Tanjung Pinang | I144: ZD4A | J144: DC Karawang Lot. 17 | K144: 31 | L144: Cont 20FT | N144: DSS16RA202L8
B145: PT. Sampoerna Indonesia Sembilan | C145: FA067815.03 | D145: 5 | E145: Box | F145: 43307 | G145: ZD2H | H145: DPC Tanjung Pinang | I145: ZD4A | J145: DC Karawang Lot. 17 | K145: 31 | L145: Cont 20FT | N145: UMC16RB179L8
B146: PT. Sampoerna Indonesia Sembilan | C146: FA067814.02 | D146: 252 | E146: Box | F146: 43307 | G146: ZD2H | H146: DPC Tanjung Pinang | I146: ZD4A | J146: DC Karawang Lot. 17 | K146: 31 | L146: Cont 20FT | N146: UML16RB179L8
B147: HM Sampoerna PT | C147: FA070776.00 | D147: 3 | E147: Box | F147: 43307 | G147: ZD2H | H147: DPC Tanjung Pinang | I147: ZD4A | J147: DC Karawang Lot. 17 | K147: 31 | L147: Cont 20FT | N147: UBL12SA134L8
B148: HM Sampoerna PT | C148: FA071127.00 | D148: 30 | E148: Box | F148: 43307 | G148: ZD2H | H148: DPC Tanjung Pinang | I148: ZD4A | J148: DC Karawang Lot. 17 | K148: 32 | L148: Cont 20FT | N148: SAH12RC113L8
... B176: HM Sampoerna PT | C176: FA061184.02 | D176: 51 | E176: Box | F176: 43307 | G176: ZD2G | H176: ADW Batam | I176: ZD4B | J176: DC Karawang Lot. 41 | K176: 37 | L176: Cont 40FT HC | N176: MFB20RA224L8

Sheet Jumat
A1: ="Pengiriman ( Jumat ) Tgl. "&TEXT(MID(Kamis!A1,FIND(".",Kamis!A1,1)+2,17)+1,"dd mmmm yyyy") -> Pengiriman ( Jumat ) Tgl. 27 July 2018
A3: STO Number | B3: Supplier | C3: Item | D3: Qty | E3: UoM | F3: Promise Date | H3: Ship To | J3: From | K3: Seq | L3: VehicleType | M3: Keterangan | N3: Brand
B4: HM Sampoerna PT | C4: FA010784.17 | D4: 40 | E4: Box | F4: 43308 | G4: ZD2D | H4: ADW Pekanbaru | I4: ZD4A | J4: DC Karawang Lot. 17 | K4: 1 | L4: Cont 40FT HC | N4: DSS16RA202L8
B5: PT. Sampoerna Indonesia Sembilan | C5: FA068324.02 | D5: 270 | E5: Box | F5: 43308 | G5: ZD2D | H5: ADW Pekanbaru | I5: ZD4A | J5: DC Karawang Lot. 17 | K5: 1 | L5: Cont 40FT HC | N5: UML12RB134L8
B6: PT. Sampoerna Indonesia Sembilan | C6: FA067814.02 | D6: 300 | E6: Box | F6: 43308 | G6: ZD2D | H6: ADW Pekanbaru | I6: ZD4A | J6: DC Karawang Lot. 17 | K6: 1 | L6: Cont 40FT HC | N6: UML16RB179L8
B7: HM Sampoerna PT | C7: FA045795.13 | D7: 374 | E7: Box | F7: 43308 | G7: ZD2D | H7: ADW Pekanbaru | I7: ZD4B | J7: DC Karawang Lot. 41 | K7: 1 | L7: Cont 40FT HC | N7: MLD12RB146L8
B8: HM Sampoerna PT | C8: FA035621.15 | D8: 60 | E8: Box | F8: 43308 | G8: ZD2E | H8: ADW Duri | I8: ZD4A | J8: DC Karawang Lot. 17 | K8: 2 | L8: CBU | N8: DSB12RA170L8
B9: HM Sampoerna PT | C9: FA064382.01 | D9: 6 | E9: Box | F9: 43308 | G9: ZD2E | H9: ADW Duri | I9: ZD4A | J9: DC Karawang Lot. 17 | K9: 2 | L9: CBU | N9: DSS12RA151L8
B10: PT. Sampoerna Indonesia Sembilan | C10: FA068324.02 | D10: 30 | E10: Box | F10: 43308 | G10: ZD2E | H10: ADW Duri | I10: ZD4A | J10: DC Karawang Lot. 17 | K10: 2 | L10: CBU | N10: UML12RB134L8
B11: PT. Sampoerna Indonesia Sembilan | C11: FA067814.02 | D11: 180 | E11: Box | F11: 43308 | G11: ZD2E | H11: ADW Duri | I11: ZD4A | J11: DC Karawang Lot. 17 | K11: 2 | L11: CBU | N11: UML16RB179L8
B12: Philip Morris Indonesia PT | C12: FA052576.13 | D12: 40 | E12: Box | F12: 43308 | G12: ZD2E | H12: ADW Duri | I12: ZD4A | J12: DC Karawang Lot. 17 | K12: 2 | L12: CBU | N12: MBR20RC233L8
B13: Philip Morris Indonesia PT | C13: FA068715.04 | D13: 15 | E13: Box | F13: 43308 | G13: ZD2E | H13: ADW Duri | I13: ZD4A | J13: DC Karawang Lot. 17 | K13: 2 | L13: CBU | N13: MBL20RB233L8
B14: HM Sampoerna PT | C14: FA044121.19 | D14: 300 | E14: Box | F14: 43308 | G14: ZD2E | H14: ADW Duri | I14: ZD4B | J14: DC Karawang Lot. 41 | K14: 2 | L14: CBU | N14: MLD16RC204L8
B15: HM Sampoerna PT | C15: FA061184.02 | D15: 33 | E15: Box | F15: 43308 | G15: ZD2E | H15: ADW Duri | I15: ZD4B | J15: DC Karawang Lot. 41 | K15: 2 | L15: CBU | N15: MFB20RA224L8
... B49: HM Sampoerna PT | C49: FA045300.04 | D49: 150 | E49: Box | F49: 43308 | G49: ZD3Q | H49: ADW Palembang 2 | I49: ZD4B | J49: DC Karawang Lot. 41 | K49: 6 | L49: CBU | N49: DMM16RA179L8
B50: HM Sampoerna PT | C50: FA035621.15 | D50: 22 | E50: Box | F50: 43308 | G50: ZD3E | H50: ADW Lahat | I50: ZD4A | J50: DC Karawang Lot. 17 | K50: 7 | L50: Standard | M50: *Gab Lahat + Baturaja | N50: DSB12RA170L8
B51: HM Sampoerna PT | C51: FA064382.01 | D51: 30 | E51: Box | F51: 43308 | G51: ZD3E | H51: ADW Lahat | I51: ZD4A | J51: DC Karawang Lot. 17 | K51: 7 | L51: Standard | M51: *Gab Lahat + Baturaja | N51: DSS12RA151L8
B52: PT. Sampoerna Indonesia Sembilan | C52: FA068324.02 | D52: 3 | E52: Box | F52: 43308 | G52: ZD3E | H52: ADW Lahat | I52: ZD4A | J52: DC Karawang Lot. 17 | K52: 7 | L52: Standard | M52: *Gab Lahat + Baturaja | N52: UML12RB134L8
B53: PT. Sampoerna Indonesia Sembilan | C53: FA067814.02 | D53: 2 | E53: Box | F53: 43308 | G53: ZD3E | H53: ADW Lahat | I53: ZD4A | J53: DC Karawang Lot. 17 | K53: 7 | L53: Standard | M53: *Gab Lahat + Baturaja | N53: UML16RB179L8
B54: Philip Morris Indonesia PT | C54: FA052576.13 | D54: 20 | E54: Box | F54: 43308 | G54: ZD3E | H54: ADW Lahat | I54: ZD4A | J54: DC Karawang Lot. 17 | K54: 7 | L54: Standard | M54: *Gab Lahat + Baturaja | N54: MBR20RC233L8
B55: Philip Morris Indonesia PT | C55: FA068715.04 | D55: 3 | E55: Box | F55: 43308 | G55: ZD3E | H55: ADW Lahat | I55: ZD4A | J55: DC Karawang Lot. 17 | K55: 7 | L55: Standard | M55: *Gab Lahat + Baturaja | N55: MBL20RB233L8
B56: Philip Morris Indonesia PT | C56: FA069748.02 | D56: 1 | E56: Box | F56: 43308 | G56: ZD3E | H56: ADW Lahat | I56: ZD4A | J56: DC Karawang Lot. 17 | K56: 7 | L56: Standard | M56: *Gab Lahat + Baturaja | N56: MMI20RC233L8
B57: HM Sampoerna PT | C57: FA045795.13 | D57: 48 | E57: Box | F57: 43308 | G57: ZD3E | H57: ADW Lahat | I57: ZD4B | J57: DC Karawang Lot. 41 | K57: 7 | L57: Standard | M57: *Gab Lahat + Baturaja | N57: MLD12RB146L8
B58: HM Sampoerna PT | C58: FA061184.02 | D58: 46 | E58: Box | F58: 43308 | G58: ZD3E | H58: ADW Lahat | I58: ZD4B | J58: DC Karawang Lot. 41 | K58: 7 | L58: Standard | M58: *Gab Lahat + Baturaja | N58: MFB20RA224L8
B59: HM Sampoerna PT | C59: FA067816.01 | D59: 2 | E59: Box | F59: 43308 | G59: ZD3E | H59: ADW Lahat | I59: ZD4B | J59: DC Karawang Lot. 41 | K59: 7 | L59: Standard | M59: *Gab Lahat + Baturaja | N59: UBL12RA134L8
B60: HM Sampoerna PT | C60: FA069010.02 | D60: 2 | E60: Box | F60: 43308 | G60: ZD3E | H60: ADW Lahat | I60: ZD4B | J60: DC Karawang Lot. 41 | K60: 7 | L60: Standard | M60: *Gab Lahat + Baturaja | N60: MFB12RA134L8
B61: HM Sampoerna PT | C61: FA071127.00 | D61: 20 | E61: Box | F61: 43308 | G61: ZD3E | H61: ADW Lahat | I61: ZD4B | J61: DC Karawang Lot. 41 | K61: 7 | L61: Light | N61: SAH12RC113L8
B62: HM Sampoerna PT | C62: FA035621.15 | D62: 95 | E62: Box | F62: 43308 | G62: ZD3G | H62: ADW Jambi | I62: ZD4A | J62: DC Karawang Lot. 17 | K62: 8 | L62: Standard | N62: DSB12RA170L8
B63: HM Sampoerna PT | C63: FA010784.17 | D63: 10 | E63: Box | F63: 43308 | G63: ZD3G | H63: ADW Jambi | I63: ZD4A | J63: DC Karawang Lot. 17 | K63: 8 | L63: Standard | N63: DSS16RA202L8
B64: HM Sampoerna PT | C64: FA071127.00 | D64: 35 | E64: Box | F64: 43308 | G64: ZD3G | H64: ADW Jambi | I64: ZD4A | J64: DC Karawang Lot. 17 | K64: 8 | L64: Standard | N64: SAH12RC113L8
B65: Philip Morris Indonesia PT | C65: FA068715.04 | D65: 10 | E65: Box | F65: 43308 | G65: ZD3G | H65: ADW Jambi | I65: ZD4A | J65: DC Karawang Lot. 17 | K65: 8 | L65: Standard | N65: MBL20RB233L8
B66: Philip Morris Indonesia PT | C66: FA069748.02 | D66: 2 | E66: Box | F66: 43308 | G66: ZD3G | H66: ADW Jambi | I66: ZD4A | J66: DC Karawang Lot. 17 | K66: 8 | L66: Standard | N66: MMI20RC233L8
B67: HM Sampoerna PT | C67: FA048258.06 | D67: 6 | E67: Box | F67: 43308 | G67: ZD3G | H67: ADW Jambi | I67: ZD4B | J67: DC Karawang Lot. 41 | K67: 8 | L67: Standard | N67: AVM20RB226L8
B68: HM Sampoerna PT | C68: FA044121.19 | D68: 25 | E68: Box | F68: 43308 | G68: ZD3G | H68: ADW Jambi | I68: ZD4B | J68: DC Karawang Lot. 41 | K68: 8 | L68: Standard | N68: MLD16RC204L8
B69: HM Sampoerna PT | C69: FA062333.03 | D69: 36 | E69: Box | F69: 43308 | G69: ZD3G | H69: ADW Jambi | I69: ZD4B | J69: DC Karawang Lot. 41 | K69: 8 | L69: Standard | N69: MTB16RA200L8
B70: HM Sampoerna PT | C70: FA061184.02 | D70: 81 | E70: Box | F70: 43308 | G70: ZD3G | H70: ADW Jambi | I70: ZD4B | J70: DC Karawang Lot. 41 | K70: 8 | L70: Standard | N70: MFB20RA224L8
B71: HM Sampoerna PT | C71: FA070776.00 | D71: 91 | E71: Box | F71: 43308 | G71: ZD3G | H71: ADW Jambi | I71: ZD4B | J71: DC Karawang Lot. 41 | K71: 8 | L71: Standard | N71: UBL12SA134L8
B72: HM Sampoerna PT | C72: FA064382.01 | D72: 60 | E72: Box | F72: 43308 | G72: ZD3H | H72: ADW Muara Bungo | I72: ZD4A | J72: DC Karawang Lot. 17 | K72: 9 | L72: CBU | N72: DSS12RA151L8
... B87: HM Sampoerna PT | C87: FA061184.02 | D87: 60 | E87: Box | F87: 43308 | G87: ZD3B | H87: ADW Lampung | I87: ZD4B | J87: DC Karawang Lot. 41 | K87: 10 | L87: CBU | N87: MFB20RA224L8
B88: HM Sampoerna PT | C88: FA035621.15 | D88: 35 | E88: Box | F88: 43308 | G88: ZD3N | H88: DPC Kalianda | I88: ZD4A | J88: DC Karawang Lot. 17 | K88: 11 | L88: CBU | M88: *Gab Kalianda + Pringsewu | N88: DSB12RA170L8
B89: HM Sampoerna PT | C89: FA064382.01 | D89: 25 | E89: Box | F89: 43308 | G89: ZD3N | H89: DPC Kalianda | I89: ZD4A | J89: DC Karawang Lot. 17 | K89: 11 | L89: CBU | M89: *Gab Kalianda + Pringsewu | N89: DSS12RA151L8
B90: PT. Sampoerna Indonesia Sembilan | C90: FA067814.02 | D90: 4 | E90: Box | F90: 43308 | G90: ZD3N | H90: DPC Kalianda | I90: ZD4A | J90: DC Karawang Lot. 17 | K90: 11 | L90: CBU | M90: *Gab Kalianda + Pringsewu | N90: UML16RB179L8
B91: Philip Morris Indonesia PT | C91: FA052576.13 | D91: 15 | E91: Box | F91: 43308 | G91: ZD3N | H91: DPC Kalianda | I91: ZD4A | J91: DC Karawang Lot. 17 | K91: 11 | L91: CBU | M91: *Gab Kalianda + Pringsewu | N91: MBR20RC233L8
B92: HM Sampoerna PT | C92: FA048258.06 | D92: 1 | E92: Box | F92: 43308 | G92: ZD3N | H92: DPC Kalianda | I92: ZD4B | J92: DC Karawang Lot. 41 | K92: 11 | L92: CBU | M92: *Gab Kalianda + Pringsewu | N92: AVM20RB226L8
B93: HM Sampoerna PT | C93: FA045795.13 | D93: 11 | E93: Box | F93: 43308 | G93: ZD3N | H93: DPC Kalianda | I93: ZD4B | J93: DC Karawang Lot. 41 | K93: 11 | L93: CBU | M93: *Gab Kalianda + Pringsewu | N93: MLD12RB146L8
B94: HM Sampoerna PT | C94: FA044121.19 | D94: 47 | E94: Box | F94: 43308 | G94: ZD3N | H94: DPC Kalianda | I94: ZD4B | J94: DC Karawang Lot. 41 | K94: 11 | L94: CBU | M94: *Gab Kalianda + Pringsewu | N94: MLD16RC204L8
B95: HM Sampoerna PT | C95: FA061184.02 | D95: 32 | E95: Box | F95: 43308 | G95: ZD3N | H95: DPC Kalianda | I95: ZD4B | J95: DC Karawang Lot. 41 | K95: 11 | L95: CBU | M95: *Gab Kalianda + Pringsewu | N95: MFB20RA224L8
B96: HM Sampoerna PT | C96: FA045300.04 | D96: 150 | E96: Box | F96: 43308 | G96: ZD3N | H96: DPC Kalianda | I96: ZD4B | J96: DC Karawang Lot. 41 | K96: 11 | L96: CBU | M96: *Gab Kalianda + Pringsewu | N96: DMM16RA179L8
B97: HM Sampoerna PT | C97: FA035621.15 | D97: 25 | E97: Box | F97: 43308 | G97: ZD3M | H97: DPC Pringsewu | I97: ZD4A | J97: DC Karawang Lot. 17 | K97: 11 | L97: CBU | M97: *Gab Kalianda + Pringsewu | N97: DSB12RA170L8
B98: HM Sampoerna PT | C98: FA064382.01 | D98: 40 | E98: Box | F98: 43308 | G98: ZD3M | H98: DPC Pringsewu | I98: ZD4A | J98: DC Karawang Lot. 17 | K98: 11 | L98: CBU | M98: *Gab Kalianda + Pringsewu | N98: DSS12RA151L8
B99: PT. Sampoerna Indonesia Sembilan | C99: FA067814.02 | D99: 12 | E99: Box | F99: 43308 | G99: ZD3M | H99: DPC Pringsewu | I99: ZD4A | J99: DC Karawang Lot. 17 | K99: 11 | L99: CBU | M99: *Gab Kalianda + Pringsewu | N99: UML16RB179L8
... B112: HM Sampoerna PT | C112: FA045300.04 | D112: 240 | E112: Box | F112: 43308 | G112: ZD3K | H112: DPC Lubuk Linggau | I112: ZD4B | J112: DC Karawang Lot. 41 | K112: 12 | L112: CBU | M112: *Gab Bengkulu + Lubuklinggau | N112: DMM16RA179L8
B113: HM Sampoerna PT | C113: FA035621.15 | D113: 100 | E113: Box | F113: 43308 | G113: ZD4C | H113: ADW Jakarta Utara | I113: ZD4A | J113: DC Karawang Lot. 17 | K113: 13 | L113: Standard | N113: DSB12RA170L8
B114: HM Sampoerna PT | C114: FA045796.14 | D114: 23 | E114: Box | F114: 43308 | G114: ZD4C | H114: ADW Jakarta Utara | I114: ZD4B | J114: DC Karawang Lot. 41 | K114: 13 | L114: Standard | N114: DSM12RC156L8
B115: HM Sampoerna PT | C115: FA044121.19 | D115: 290 | E115: Box | F115: 43308 | G115: ZD4C | H115: ADW Jakarta Utara | I115: ZD4B | J115: DC Karawang Lot. 41 | K115: 13 | L115: Standard | N115: MLD16RC204L8
B116: HM Sampoerna PT | C116: FA069010.02 | D116: 71 | E116: Box | F116: 43308 | G116: ZD4C | H116: ADW Jakarta Utara | I116: ZD4B | J116: DC Karawang Lot. 41 | K116: 13 | L116: Standard | N116: MFB12RA134L8
B117: HM Sampoerna PT | C117: FA044121.19 | D117: 775 | E117: Box | F117: 43308 | G117: ZD4C | H117: ADW Jakarta Utara | I117: ZD4B | J117: DC Karawang Lot. 41 | K117: 14 | L117: CBU | N117: MLD16RC204L8
B118: HM Sampoerna PT | C118: FA044121.19 | D118: 540 | E118: Box | F118: 43308 | G118: ZD4H | H118: ADW Jakarta Timur A | I118: ZD4B | J118: DC Karawang Lot. 41 | K118: 15 | L118: Standard | N118: MLD16RC204L8
B119: HM Sampoerna PT | C119: FA035621.15 | D119: 100 | E119: Box | F119: 43308 | G119: ZD4F | H119: DPC Jakarta Timur | I119: ZD4A | J119: DC Karawang Lot. 17 | K119: 16 | L119: Standard | N119: DSB12RA170L8
B120: HM Sampoerna PT | C120: FA048259.05 | D120: 55 | E120: Box | F120: 43308 | G120: ZD4F | H120: DPC Jakarta Timur | I120: ZD4B | J120: DC Karawang Lot. 41 | K120: 16 | L120: Standard | N120: AVR20RB226L8
B121: HM Sampoerna PT | C121: FA045796.14 | D121: 61 | E121: Box | F121: 43308 | G121: ZD4F | H121: DPC Jakarta Timur | I121: ZD4B | J121: DC Karawang Lot. 41 | K121: 16 | L121: Standard | N121: DSM12RC156L8
B122: HM Sampoerna PT | C122: FA044121.19 | D122: 270 | E122: Box | F122: 43308 | G122: ZD4F | H122: DPC Jakarta Timur | I122: ZD4B | J122: DC Karawang Lot. 41 | K122: 16 | L122: Standard | N122: MLD16RC204L8
B123: HM Sampoerna PT | C123: FA044121.19 | D123: 540 | E123: Box | F123: 43308 | G123: ZD4F | H123: DPC Jakarta Timur | I123: ZD4B | J123: DC Karawang Lot. 41 | K123: 17 | L123: Standard | N123: MLD16RC204L8
B124: HM Sampoerna PT | C124: FA035621.15 | D124: 40 | E124: Box | F124: 43308 | G124: ZD4I | H124: ADW Karawang | I124: ZD4A | J124: DC Karawang Lot. 17 | K124: 18 | L124: Light | N124: DSB12RA170L8
... B136: HM Sampoerna PT | C136: FA067816.01 | D136: 58 | E136: Box | F136: 43308 | G136: ZD5F | H136: ADW Cirebon | I136: ZD4B | J136: DC Karawang Lot. 41 | K136: 24 | L136: CBU | N136: UBL12RA134L8
B137: HM Sampoerna PT | C137: FA010784.17 | D137: 20 | E137: Box | F137: 43308 | G137: ZD5C | H137: ADW Sukabumi | I137: ZD4A | J137: DC Karawang Lot. 17 | K137: 25 | L137: CBU | M137: *Gab Sukabumi + Cianjur | N137: DSS16RA202L8
B138: Philip Morris Indonesia PT | C138: FA052576.13 | D138: 27 | E138: Box | F138: 43308 | G138: ZD5C | H138: ADW Sukabumi | I138: ZD4A | J138: DC Karawang Lot. 17 | K138: 25 | L138: CBU | M138: *Gab Sukabumi + Cianjur | N138: MBR20RC233L8
B139: Philip Morris Indonesia PT | C139: FA068715.04 | D139: 26 | E139: Box | F139: 43308 | G139: ZD5C | H139: ADW Sukabumi | I139: ZD4A | J139: DC Karawang Lot. 17 | K139: 25 | L139: CBU | M139: *Gab Sukabumi + Cianjur | N139: MBL20RB233L8
B140: HM Sampoerna PT | C140: FA048259.05 | D140: 20 | E140: Box | F140: 43308 | G140: ZD5C | H140: ADW Sukabumi | I140: ZD4B | J140: DC Karawang Lot. 41 | K140: 25 | L140: CBU | M140: *Gab Sukabumi + Cianjur | N140: AVR20RB226L8
B141: HM Sampoerna PT | C141: FA045796.14 | D141: 170 | E141: Box | F141: 43308 | G141: ZD5C | H141: ADW Sukabumi | I141: ZD4B | J141: DC Karawang Lot. 41 | K141: 25 | L141: CBU | M141: *Gab Sukabumi + Cianjur | N141: DSM12RC156L8
B142: HM Sampoerna PT | C142: FA044121.19 | D142: 20 | E142: Box | F142: 43308 | G142: ZD5C | H142: ADW Sukabumi | I142: ZD4B | J142: DC Karawang Lot. 41 | K142: 25 | L142: CBU | M142: *Gab Sukabumi + Cianjur | N142: MLD16RC204L8
B143: Philip Morris Indonesia PT | C143: FA052576.13 | D143: 34 | E143: Box | F143: 43308 | G143: ZD5K | H143: DPC Cianjur | I143: ZD4A | J143: DC Karawang Lot. 17 | K143: 25 | L143: CBU | M143: *Gab Sukabumi + Cianjur | N143: MBR20RC233L8
B144: Philip Morris Indonesia PT | C144: FA069748.02 | D144: 10 | E144: Box | F144: 43308 | G144: ZD5K | H144: DPC Cianjur | I144: ZD4A | J144: DC Karawang Lot. 17 | K144: 25 | L144: CBU | M144: *Gab Sukabumi + Cianjur | N144: MMI20RC233L8
B145: HM Sampoerna PT | C145: FA048259.05 | D145: 12 | E145: Box | F145: 43308 | G145: ZD5K | H145: DPC Cianjur | I145: ZD4B | J145: DC Karawang Lot. 41 | K145: 25 | L145: CBU | M145: *Gab Sukabumi + Cianjur | N145: AVR20RB226L8
B146: HM Sampoerna PT | C146: FA045796.14 | D146: 75 | E146: Box | F146: 43308 | G146: ZD5K | H146: DPC Cianjur | I146: ZD4B | J146: DC Karawang Lot. 41 | K146: 25 | L146: CBU | M146: *Gab Sukabumi + Cianjur | N146: DSM12RC156L8
B147: HM Sampoerna PT | C147: FA044121.19 | D147: 182 | E147: Box | F147: 43308 | G147: ZD5K | H147: DPC Cianjur | I147: ZD4B | J147: DC Karawang Lot. 41 | K147: 25 | L147: CBU | M147: *Gab Sukabumi + Cianjur | N147: MLD16RC204L8
B148: HM Sampoerna PT | C148: FA045796.14 | D148: 30 | E148: Box | F148: 43308 | G148: ZD5C | H148: ADW Sukabumi | I148: ZD4B | J148: DC Karawang Lot. 41 | K148: 26 | L148: Standard | N148: DSM12RC156L8
B149: HM Sampoerna PT | C149: FA044121.19 | D149: 490 | E149: Box | F149: 43308 | G149: ZD5C | H149: ADW Sukabumi | I149: ZD4B | J149: DC Karawang Lot. 41 | K149: 26 | L149: Standard | N149: MLD16RC204L8
B150: Philip Morris Indonesia PT | C150: FA052576.13 | D150: 29 | E150: Box | F150: 43308 | G150: ZD5E | H150: ADW Garut | I150: ZD4A | J150: DC Karawang Lot. 17 | K150: 27 | L150: CBU | M150: *Gab Tasik + Garut | N150: MBR20RC233L8
B151: Philip Morris Indonesia PT | C151: FA068715.04 | D151: 10 | E151: Box | F151: 43308 | G151: ZD5E | H151: ADW Garut | I151: ZD4A | J151: DC Karawang Lot. 17 | K151: 27 | L151: CBU | M151: *Gab Tasik + Garut | N151: MBL20RB233L8
B152: Philip Morris Indonesia PT | C152: FA069748.02 | D152: 2 | E152: Box | F152: 43308 | G152: ZD5E | H152: ADW Garut | I152: ZD4A | J152: DC Karawang Lot. 17 | K152: 27 | L152: CBU | M152: *Gab Tasik + Garut | N152: MMI20RC233L8
B153: HM Sampoerna PT | C153: FA045796.14 | D153: 207 | E153: Box | F153: 43308 | G153: ZD5E | H153: ADW Garut | I153: ZD4B | J153: DC Karawang Lot. 41 | K153: 27 | L153: CBU | M153: *Gab Tasik + Garut | N153: DSM12RC156L8
B154: HM Sampoerna PT | C154: FA044121.19 | D154: 200 | E154: Box | F154: 43308 | G154: ZD5E | H154: ADW Garut | I154: ZD4B | J154: DC Karawang Lot. 41 | K154: 27 | L154: CBU | M154: *Gab Tasik + Garut | N154: MLD16RC204L8
B155: Philip Morris Indonesia PT | C155: FA052576.13 | D155: 45 | E155: Box | F155: 43308 | G155: ZD5D | H155: ADW Tasikmalaya | I155: ZD4A | J155: DC Karawang Lot. 17 | K155: 27 | L155: CBU | M155: *Gab Tasik + Garut | N155: MBR20RC233L8
B156: Philip Morris Indonesia PT | C156: FA068715.04 | D156: 18 | E156: Box | F156: 43308 | G156: ZD5D | H156: ADW Tasikmalaya | I156: ZD4A | J156: DC Karawang Lot. 17 | K156: 27 | L156: CBU | M156: *Gab Tasik + Garut | N156: MBL20RB233L8
B157: Philip Morris Indonesia PT | C157: FA069748.02 | D157: 7 | E157: Box | F157: 43308 | G157: ZD5D | H157: ADW Tasikmalaya | I157: ZD4A | J157: DC Karawang Lot. 17 | K157: 27 | L157: CBU | M157: *Gab Tasik + Garut | N157: MMI20RC233L8
B158: HM Sampoerna PT | C158: FA044121.19 | D158: 90 | E158: Box | F158: 43308 | G158: ZD5D | H158: ADW Tasikmalaya | I158: ZD4B | J158: DC Karawang Lot. 41 | K158: 27 | L158: CBU | M158: *Gab Tasik + Garut | N158: MLD16RC204L8
B159: HM Sampoerna PT | C159: FA045796.14 | D159: 100 | E159: Box | F159: 43308 | G159: ZD5D | H159: ADW Tasikmalaya | I159: ZD4B | J159: DC Karawang Lot. 41 | K159: 28 | L159: Standard | N159: DSM12RC156L8
B160: HM Sampoerna PT | C160: FA044121.19 | D160: 380 | E160: Box | F160: 43308 | G160: ZD5D | H160: ADW Tasikmalaya | I160: ZD4B | J160: DC Karawang Lot. 41 | K160: 28 | L160: Standard | N160: MLD16RC204L8
B161: Philip Morris Indonesia PT | C161: FA052576.13 | D161: 58 | E161: Box | F161: 43308 | G161: ZD5H | H161: ADW Purwokerto | I161: ZD4A | J161: DC Karawang Lot. 17 | K161: 29 | L161: Standard | M161: *Gab Cilacap + Purwokerto | N161: MBR20RC233L8
B162: Philip Morris Indonesia PT | C162: FA068715.04 | D162: 10 | E162: Box | F162: 43308 | G162: ZD5H | H162: ADW Purwokerto | I162: ZD4A | J162: DC Karawang Lot. 17 | K162: 29 | L162: Standard | M162: *Gab Cilacap + Purwokerto | N162: MBL20RB233L8
B163: HM Sampoerna PT | C163: FA045796.14 | D163: 20 | E163: Box | F163: 43308 | G163: ZD5H | H163: ADW Purwokerto | I163: ZD4B | J163: DC Karawang Lot. 41 | K163: 29 | L163: Standard | M163: *Gab Cilacap + Purwokerto | N163: DSM12RC156L8
B164: HM Sampoerna PT | C164: FA044121.19 | D164: 60 | E164: Box | F164: 43308 | G164: ZD5H | H164: ADW Purwokerto | I164: ZD4B | J164: DC Karawang Lot. 41 | K164: 29 | L164: Standard | M164: *Gab Cilacap + Purwokerto | N164: MLD16RC204L8
B165: HM Sampoerna PT | C165: FA069010.02 | D165: 25 | E165: Box | F165: 43308 | G165: ZD5H | H165: ADW Purwokerto | I165: ZD4B | J165: DC Karawang Lot. 41 | K165: 29 | L165: Standard | M165: *Gab Cilacap + Purwokerto | N165: MFB12RA134L8
B166: Philip Morris Indonesia PT | C166: FA068715.04 | D166: 5 | E166: Box | F166: 43308 | G166: ZD6K | H166: DPC Cilacap | I166: ZD4A | J166: DC Karawang Lot. 17 | K166: 29 | L166: Standard | M166: *Gab Cilacap + Purwokerto | N166: MBL20RB233L8
B167: HM Sampoerna PT | C167: FA044121.19 | D167: 210 | E167: Box | F167: 43308 | G167: ZD6K | H167: DPC Cilacap | I167: ZD4B | J167: DC Karawang Lot. 41 | K167: 29 | L167: Standard | M167: *Gab Cilacap + Purwokerto | N167: MLD16RC204L8
B168: HM Sampoerna PT | C168: FA069010.02 | D168: 9 | E168: Box | F168: 43308 | G168: ZD6K | H168: DPC Cilacap | I168: ZD4B | J168: DC Karawang Lot. 41 | K168: 29 | L168: Standard | M168: *Gab Cilacap + Purwokerto | N168: MFB12RA134L8
B169: HM Sampoerna PT | C169: FA035621.15 | D169: 9 | E169: Box | F169: 43308 | G169: ZD3J | H169: ADW Pangkal Pinang | I169: ZD4A | J169: DC Karawang Lot. 17 | K169: 30 | L169: Cont 20FT | M169: Agen Arjuna | N169: DSB12RA170L8
B170: HM Sampoerna PT | C170: FA064382.01 | D170: 26 | E170: Box | F170: 43308 | G170: ZD3J | H170: ADW Pangkal Pinang | I170: ZD4A | J170: DC Karawang Lot. 17 | K170: 30 | L170: Cont 20FT | M170: Agen Arjuna | N170: DSS12RA151L8
B171: HM Sampoerna PT | C171: FA010784.17 | D171: 5 | E171: Box | F171: 43308 | G171: ZD3J | H171: ADW Pangkal Pinang | I171: ZD4A | J171: DC Karawang Lot. 17 | K171: 30 | L171: Cont 20FT | M171: Agen Arjuna | N171: DSS16RA202L8
...

Sheet Sabtu
A1: ="Pengiriman ( Sabtu ) Tgl. "&TEXT(MID(Jumat!A1,FIND(".",Jumat!A1,1)+2,17)+1,"dd mmmm yyyy") -> Pengiriman ( Sabtu ) Tgl. 28 July 2018
A3: STO Number | B3: Supplier | C3: Item | D3: Qty | E3: UoM | F3: Promise Date | H3: Ship To | J3: From | K3: Seq | L3: VehicleType | M3: Keterangan | N3: Brand
B4: HM Sampoerna PT | C4: FA045795.13 | D4: 60 | E4: Box | F4: 43309 | G4: ZD2A | H4: ADW Padang | I4: ZD4B | J4: DC Karawang Lot. 41 | K4: 1 | L4: Cont 40FT HC | N4: MLD12RB146L8
B5: HM Sampoerna PT | C5: FA045300.04 | D5: 1064 | E5: Box | F5: 43309 | G5: ZD2A | H5: ADW Padang | I5: ZD4B | J5: DC Karawang Lot. 41 | K5: 1 | L5: Cont 40FT HC | N5: DMM16RA179L8
B6: HM Sampoerna PT | C6: FA064382.01 | D6: 15 | E6: Box | F6: 43309 | G6: ZD2A | H6: ADW Padang | I6: ZD4A | J6: DC Karawang Lot. 17 | K6: 2 | L6: Cont 40FT HC | N6: DSS12RA151L8
B7: PT. Sampoerna Indonesia Sembilan | C7: FA068324.02 | D7: 287 | E7: Box | F7: 43309 | G7: ZD2A | H7: ADW Padang | I7: ZD4A | J7: DC Karawang Lot. 17 | K7: 2 | L7: Cont 40FT HC | N7: UML12RB134L8
B8: PT. Sampoerna Indonesia Sembilan | C8: FA067814.02 | D8: 112 | E8: Box | F8: 43309 | G8: ZD2A | H8: ADW Padang | I8: ZD4A | J8: DC Karawang Lot. 17 | K8: 2 | L8: Cont 40FT HC | N8: UML16RB179L8
B9: HM Sampoerna PT | C9: FA045795.13 | D9: 125 | E9: Box | F9: 43309 | G9: ZD2A | H9: ADW Padang | I9: ZD4B | J9: DC Karawang Lot. 41 | K9: 2 | L9: Cont 40FT HC | N9: MLD12RB146L8
B10: HM Sampoerna PT | C10: FA044121.19 | D10: 450 | E10: Box | F10: 43309 | G10: ZD2A | H10: ADW Padang | I10: ZD4B | J10: DC Karawang Lot. 41 | K10: 2 | L10: Cont 40FT HC | N10: MLD16RC204L8
B11: HM Sampoerna PT | C11: FA035621.15 | D11: 59 | E11: Box | F11: 43309 | G11: ZD2E | H11: ADW Duri | I11: ZD4A | J11: DC Karawang Lot. 17 | K11: 3 | L11: CBU | N11: DSB12RA170L8
B12: PT. Sampoerna Indonesia Sembilan | C12: FA068324.02 | D12: 40 | E12: Box | F12: 43309 | G12: ZD2E | H12: ADW Duri | I12: ZD4A | J12: DC Karawang Lot. 17 | K12: 3 | L12: CBU | N12: UML12RB134L8
B13: PT. Sampoerna Indonesia Sembilan | C13: FA067814.02 | D13: 58 | E13: Box | F13: 43309 | G13: ZD2E | H13: ADW Duri | I13: ZD4A | J13: DC Karawang Lot. 17 | K13: 3 | L13: CBU | N13: UML16RB179L8
B14: HM Sampoerna PT | C14: FA045795.13 | D14: 56 | E14: Box | F14: 43309 | G14: ZD2E | H14: ADW Duri | I14: ZD4B | J14: DC Karawang Lot. 41 | K14: 3 | L14: CBU | N14: MLD12RB146L8
B15: HM Sampoerna PT | C15: FA044121.19 | D15: 185 | E15: Box | F15: 43309 | G15: ZD2E | H15: ADW Duri | I15: ZD4B | J15: DC Karawang Lot. 41 | K15: 3 | L15: CBU | N15: MLD16RC204L8
... B40: HM Sampoerna PT | C40: FA045300.04 | D40: 440 | E40: Box | F40: 43309 | G40: ZD3E | H40: ADW Lahat | I40: ZD4B | J40: DC Karawang Lot. 41 | K40: 7 | L40: Standard | N40: DMM16RA179L8
B41: PT. Sampoerna Indonesia Sembilan | C41: FA068324.02 | D41: 22 | E41: Box | F41: 43309 | G41: ZD3G | H41: ADW Jambi | I41: ZD4A | J41: DC Karawang Lot. 17 | K41: 8 | L41: Standard | M41: *Gab Jambi + Muarabungo | N41: UML12RB134L8
B42: HM Sampoerna PT | C42: FA045795.13 | D42: 102 | E42: Box | F42: 43309 | G42: ZD3G | H42: ADW Jambi | I42: ZD4B | J42: DC Karawang Lot. 41 | K42: 8 | L42: Standard | M42: *Gab Jambi + Muarabungo | N42: MLD12RB146L8
B43: HM Sampoerna PT | C43: FA044121.19 | D43: 180 | E43: Box | F43: 43309 | G43: ZD3G | H43: ADW Jambi | I43: ZD4B | J43: DC Karawang Lot. 41 | K43: 8 | L43: Standard | M43: *Gab Jambi + Muarabungo | N43: MLD16RC204L8
B44: HM Sampoerna PT | C44: FA061184.02 | D44: 20 | E44: Box | F44: 43309 | G44: ZD3G | H44: ADW Jambi | I44: ZD4B | J44: DC Karawang Lot. 41 | K44: 8 | L44: Standard | M44: *Gab Jambi + Muarabungo | N44: MFB20RA224L8
B45: PT. Sampoerna Indonesia Sembilan | C45: FA068324.02 | D45: 80 | E45: Box | F45: 43309 | G45: ZD3H | H45: ADW Muara Bungo | I45: ZD4A | J45: DC Karawang Lot. 17 | K45: 8 | L45: Standard | M45: *Gab Jambi + Muarabungo | N45: UML12RB134L8
B46: HM Sampoerna PT | C46: FA045795.13 | D46: 58 | E46: Box | F46: 43309 | G46: ZD3H | H46: ADW Muara Bungo | I46: ZD4B | J46: DC Karawang Lot. 41 | K46: 8 | L46: Standard | M46: *Gab Jambi + Muarabungo | N46: MLD12RB146L8
B47: HM Sampoerna PT | C47: FA044121.19 | D47: 30 | E47: Box | F47: 43309 | G47: ZD3H | H47: ADW Muara Bungo | I47: ZD4B | J47: DC Karawang Lot. 41 | K47: 8 | L47: Standard | M47: *Gab Jambi + Muarabungo | N47: MLD16RC204L8
B48: HM Sampoerna PT | C48: FA035621.15 | D48: 40 | E48: Box | F48: 43309 | G48: ZD3B | H48: ADW Lampung | I48: ZD4A | J48: DC Karawang Lot. 17 | K48: 9 | L48: CBU | N48: DSB12RA170L8
B49: HM Sampoerna PT | C49: FA064382.01 | D49: 110 | E49: Box | F49: 43309 | G49: ZD3B | H49: ADW Lampung | I49: ZD4A | J49: DC Karawang Lot. 17 | K49: 9 | L49: CBU | N49: DSS12RA151L8
B50: Philip Morris Indonesia PT | C50: FA052576.13 | D50: 15 | E50: Box | F50: 43309 | G50: ZD3B | H50: ADW Lampung | I50: ZD4A | J50: DC Karawang Lot. 17 | K50: 9 | L50: CBU | N50: MBR20RC233L8
B51: HM Sampoerna PT | C51: FA045795.13 | D51: 72 | E51: Box | F51: 43309 | G51: ZD3B | H51: ADW Lampung | I51: ZD4B | J51: DC Karawang Lot. 41 | K51: 9 | L51: CBU | N51: MLD12RB146L8
B52: HM Sampoerna PT | C52: FA044121.19 | D52: 160 | E52: Box | F52: 43309 | G52: ZD3B | H52: ADW Lampung | I52: ZD4B | J52: DC Karawang Lot. 41 | K52: 9 | L52: CBU | N52: MLD16RC204L8
B53: HM Sampoerna PT | C53: FA062333.03 | D53: 19 | E53: Box | F53: 43309 | G53: ZD3B | H53: ADW Lampung | I53: ZD4B | J53: DC Karawang Lot. 41 | K53: 9 | L53: CBU | N53: MTB16RA200L8
B54: HM Sampoerna PT | C54: FA061184.02 | D54: 38 | E54: Box | F54: 43309 | G54: ZD3B | H54: ADW Lampung | I54: ZD4B | J54: DC Karawang Lot. 41 | K54: 9 | L54: CBU | N54: MFB20RA224L8
B55: HM Sampoerna PT | C55: FA045300.04 | D55: 198 | E55: Box | F55: 43309 | G55: ZD3B | H55: ADW Lampung | I55: ZD4B | J55: DC Karawang Lot. 41 | K55: 9 | L55: CBU | N55: DMM16RA179L8
B56: HM Sampoerna PT | C56: FA035621.15 | D56: 33 | E56: Box | F56: 43309 | G56: ZD3L | H56: ADW Metro | I56: ZD4A | J56: DC Karawang Lot. 17 | K56: 10 | L56: Standard | N56: DSB12RA170L8
B57: HM Sampoerna PT | C57: FA064382.01 | D57: 67 | E57: Box | F57: 43309 | G57: ZD3L | H57: ADW Metro | I57: ZD4A | J57: DC Karawang Lot. 17 | K57: 10 | L57: Standard | N57: DSS12RA151L8
B58: Philip Morris Indonesia PT | C58: FA052576.13 | D58: 39 | E58: Box | F58: 43309 | G58: ZD3L | H58: ADW Metro | I58: ZD4A | J58: DC Karawang Lot. 17 | K58: 10 | L58: Standard | N58: MBR20RC233L8
B59: HM Sampoerna PT | C59: FA045795.13 | D59: 25 | E59: Box | F59: 43309 | G59: ZD3L | H59: ADW Metro | I59: ZD4B | J59: DC Karawang Lot. 41 | K59: 10 | L59: Standard | N59: MLD12RB146L8
... B135: HM Sampoerna PT | C135: FA044121.19 | D135: 384 | E135: Box | F135: 43309 | G135: ZD5C | H135: ADW Sukabumi | I135: ZD4B | J135: DC Karawang Lot. 41 | K135: 26 | L135: CBU | N135: MLD16RC204L8
B136: HM Sampoerna PT | C136: FA044121.19 | D136: 210 | E136: Box | F136: 43309 | G136: ZD6G | H136: ADW Magelang | I136: ZD4B | J136: DC Karawang Lot. 41 | K136: 27 | L136: Standard | M136: *Gab Yogya + Magelang | N136: MLD16RC204L8
B137: HM Sampoerna PT | C137: FA044121.19 | D137: 330 | E137: Box | F137: 43309 | G137: ZD6F | H137: ADW Yogyakarta | I137: ZD4B | J137: DC Karawang Lot. 41 | K137: 27 | L137: Standard | M137: *Gab Yogya + Magelang | N137: MLD16RC204L8
B138: Philip Morris Indonesia PT | C138: FA052576.13 | D138: 110 | E138: Box | F138: 43309 | G138: ZD6J | H138: ADW Salatiga | I138: ZD4A | J138: DC Karawang Lot. 17 | K138: 28 | L138: CBU | M138: *Gab Surakarta + Salatiga | N138: MBR20RC233L8
B139: Philip Morris Indonesia PT | C139: FA068715.04 | D139: 5 | E139: Box | F139: 43309 | G139: ZD6J | H139: ADW Salatiga | I139: ZD4A | J139: DC Karawang Lot. 17 | K139: 28 | L139: CBU | M139: *Gab Surakarta + Salatiga | N139: MBL20RB233L8
B140: HM Sampoerna PT | C140: FA048259.05 | D140: 8 | E140: Box | F140: 43309 | G140: ZD6J | H140: ADW Salatiga | I140: ZD4B | J140: DC Karawang Lot. 41 | K140: 28 | L140: CBU | M140: *Gab Surakarta + Salatiga | N140: AVR20RB226L8
B141: HM Sampoerna PT | C141: FA045796.14 | D141: 20 | E141: Box | F141: 43309 | G141: ZD6J | H141: ADW Salatiga | I141: ZD4B | J141: DC Karawang Lot. 41 | K141: 28 | L141: CBU | M141: *Gab Surakarta + Salatiga | N141: DSM12RC156L8
B142: HM Sampoerna PT | C142: FA044121.19 | D142: 65 | E142: Box | F142: 43309 | G142: ZD6J | H142: ADW Salatiga | I142: ZD4B | J142: DC Karawang Lot. 41 | K142: 28 | L142: CBU | M142: *Gab Surakarta + Salatiga | N142: MLD16RC204L8
B143: HM Sampoerna PT | C143: FA067816.01 | D143: 16 | E143: Box | F143: 43309 | G143: ZD6J | H143: ADW Salatiga | I143: ZD4B | J143: DC Karawang Lot. 41 | K143: 28 | L143: CBU | M143: *Gab Surakarta + Salatiga | N143: UBL12RA134L8
B144: HM Sampoerna PT | C144: FA069010.02 | D144: 15 | E144: Box | F144: 43309 | G144: ZD6J | H144: ADW Salatiga | I144: ZD4B | J144: DC Karawang Lot. 41 | K144: 28 | L144: CBU | M144: *Gab Surakarta + Salatiga | N144: MFB12RA134L8
B145: HM Sampoerna PT | C145: FA045796.14 | D145: 30 | E145: Box | F145: 43309 | G145: ZD6E | H145: ADW Pati | I145: ZD4B | J145: DC Karawang Lot. 41 | K145: 29 | L145: Standard | N145: DSM12RC156L8
B146: HM Sampoerna PT | C146: FA044121.19 | D146: 360 | E146: Box | F146: 43309 | G146: ZD6E | H146: ADW Pati | I146: ZD4B | J146: DC Karawang Lot. 41 | K146: 29 | L146: Standard | N146: MLD16RC204L8
B147: HM Sampoerna PT | C147: FA067816.01 | D147: 69 | E147: Box | F147: 43309 | G147: ZD6E | H147: ADW Pati | I147: ZD4B | J147: DC Karawang Lot. 41 | K147: 29 | L147: Standard | N147: UBL12RA134L8
B148: HM Sampoerna PT | C148: FA069010.02 | D148: 16 | E148: Box | F148: 43309 | G148: ZD6E | H148: ADW Pati | I148: ZD4B | J148: DC Karawang Lot. 41 | K148: 29 | L148: Standard | N148: MFB12RA134L8
B149: HM Sampoerna PT | C149: FA045796.14 | D149: 337 | E149: Box | F149: 43309 | G149: ZD7O | H149: DC Surabaya - Kalirungkut | I149: ZD4B | J149: DC Karawang Lot. 41 | K149: 30 | L149: Standard | N149: DSM12RC156L8
B150: HM Sampoerna PT | C150: FA044121.16 | D150: 775 | E150: Box | F150: 43309 | G150: ZD7O | H150: DC Surabaya - Kalirungkut | I150: ZD4B | J150: DC Karawang Lot. 41 | K150: 31 | L150: CBU | N150: MLD16RA195L8

Sheet Minggu
A1: ="Pengiriman ( Minggu ) Tgl. "&TEXT(MID(Sabtu!A1,FIND(".",Sabtu!A1,1)+2,17)+1,"dd mmmm yyyy") -> Pengiriman ( Minggu ) Tgl. 29 July 2018
A3: STO Number | B3: Supplier | C3: Item | D3: Qty | E3: UoM | F3: Promise Date | H3: Ship To | J3: From | K3: Seq | L3: VehicleType | M3: Keterangan | N3: Brand
B4: HM Sampoerna PT | C4: FA045795.13 | D4: 152 | E4: Box | F4: 43310 | G4: ZD3D | H4: ADW Palembang | I4: ZD4B | J4: DC Karawang Lot. 41 | K4: 1 | L4: CBU | N4: MLD12RB146L8
B5: HM Sampoerna PT | C5: FA044121.19 | D5: 230 | E5: Box | F5: 43310 | G5: ZD3D | H5: ADW Palembang | I5: ZD4B | J5: DC Karawang Lot. 41 | K5: 1 | L5: CBU | N5: MLD16RC204L8
B6: HM Sampoerna PT | C6: FA061184.02 | D6: 4 | E6: Box | F6: 43310 | G6: ZD3D | H6: ADW Palembang | I6: ZD4B | J6: DC Karawang Lot. 41 | K6: 1 | L6: CBU | N6: MFB20RA224L8
B7: HM Sampoerna PT | C7: FA045300.04 | D7: 370 | E7: Box | F7: 43310 | G7: ZD3D | H7: ADW Palembang | I7: ZD4B | J7: DC Karawang Lot. 41 | K7: 1 | L7: CBU | N7: DMM16RA179L8
B8: HM Sampoerna PT | C8: FA044121.19 | D8: 540 | E8: Box | F8: 43310 | G8: ZD4C | H8: ADW Jakarta Utara | I8: ZD4B | J8: DC Karawang Lot. 41 | K8: 2 | L8: Standard | N8: MLD16RC204L8
B9: HM Sampoerna PT | C9: FA044121.19 | D9: 540 | E9: Box | F9: 43310 | G9: ZD4C | H9: ADW Jakarta Utara | I9: ZD4B | J9: DC Karawang Lot. 41 | K9: 3 | L9: Standard | N9: MLD16RC204L8
B10: HM Sampoerna PT | C10: FA044121.19 | D10: 540 | E10: Box | F10: 43310 | G10: ZD4H | H10: ADW Jakarta Timur A | I10: ZD4B | J10: DC Karawang Lot. 41 | K10: 4 | L10: Standard | N10: MLD16RC204L8
B11: HM Sampoerna PT | C11: FA044121.19 | D11: 480 | E11: Box | F11: 43310 | G11: ZD4F | H11: DPC Jakarta Timur | I11: ZD4B | J11: DC Karawang Lot. 41 | K11: 5 | L11: Standard | N11: MLD16RC204L8
B12: HM Sampoerna PT | C12: FA069010.02 | D12: 40 | E12: Box | F12: 43310 | G12: ZD4F | H12: DPC Jakarta Timur | I12: ZD4B | J12: DC Karawang Lot. 41 | K12: 5 | L12: Standard | N12: MFB12RA134L8
B13: HM Sampoerna PT | C13: FA048259.05 | D13: 10 | E13: Box | F13: 43310 | G13: ZD4G | H13: ADW Bogor | I13: ZD4B | J13: DC Karawang Lot. 41 | K13: 6 | L13: Standard | N13: AVR20RB226L8
B14: HM Sampoerna PT | C14: FA045796.14 | D14: 201 | E14: Box | F14: 43310 | G14: ZD4G | H14: ADW Bogor | I14: ZD4B | J14: DC Karawang Lot. 41 | K14: 6 | L14: Standard | N14: DSM12RC156L8
B15: HM Sampoerna PT | C15: FA044121.19 | D15: 90 | E15: Box | F15: 43310 | G15: ZD4G | H15: ADW Bogor | I15: ZD4B | J15: DC Karawang Lot. 41 | K15: 6 | L15: Standard | N15: MLD16RC204L8
... B41: HM Sampoerna PT | C41: FA044121.19 | D41: 390 | E41: Box | F41: 43310 | G41: ZD5D | H41: ADW Tasikmalaya | I41: ZD4B | J41: DC Karawang Lot. 41 | K41: 16 | L41: CBU | N41: MLD16RC204L8
